term	content
가계부실위험지수(HDRI)	가구의 소득 흐름은 물론 금융 및 실물 자산까지 종합적으로 고려하여 가계부채의 부실위험을 평가하는 지표로, 가계의 채무상환능력을 소득 측면에서 평가하는 원리금상 환비율(DSR; Debt Service Ratio)과 자산 측면에서 평가하는 부채/자산비율(DTA; Debt To Asset Ratio)을 결합하여 산출한 지수이다.
가계수지	가정에서 일정 기간의 수입(명목소득)과 지출을 비교해서 남았는지 모자랐는지를 표시한 것을 가계수지(household's total income and expenditure)라 한다.
가계순저축률	일반적으로 저축률은 저축액을 처분가능소득으로 나눈 비율을 말한다.
가계신용통계	가계신용통계는 가계부문에 대한 신용공급 규모를 나타내는 통계이다.
가계처분가능소득	가계처분가능소득(PDI; Personal Disposable Income)은 가계가 맘대로 소비와 저축 으로 처분할 수 있는 소득을 의미한다.
가교은행	청산 대상 금융기관의 자산, 부채를 임시로 넘겨받아 예금, 출금 등의 업무를 대행하고 합병, 채권채무관계 조정 등 후속조치를 수행하는 은행을 말한다.
가동률	생산능력 대비 생산실적의 백분율(생산실적/생산능력×100)로, 생산설비가 어느 정도 이용되는지를 나타내는 경제지표이다.
가변예치의무제도	국경 간 자본유출입은 기업의 자금조달 비용을 낮추어 투자를 활성화하는 긍정적인 측면도 있지만, 단기간에 대규모로 이루어질 경우 환율 또는 증권가격의 급등락을 불러와 경제 안정을 해칠 수도 있다.
가산금리	기준금리에 신용도 등의 차이에 따라 달리 덧붙이는 금리를 가산금리(또는 스프레드, spread)라고 한다.
가상통화	가상통화(virtual currency)는 중앙은행이나 금융기관이 아닌 민간에서 블록체인을 기반 기술로 하여 발행 유통되는 ‘가치의 전자적 표시’(digital representation of value)로서 비트 코인이 가장 대표적인 가상통화이다.
가상통화공개(ICO)	가상통화(ICO; Initial Coin Offering) 공개는 주로 혁신적인 신생기업(startup)이 암호 화화폐(cryptocurrency) 또는 디지털 토큰(digital token, 일종의 투자증명)을 이용하여 자금을 조달할 수 있는 크라우드펀딩(crowd funding)의 한 방식이다.
간접금융/직접금융	경제에는 자금 잉여주체와 자금 부족주체가 존재하게 되는데 이들 사이에 은행이나 저축은행 신용협동기구 등 금융기관이 개입하여 자금을 중개하는 방식을 간접금융 (indirect financing)이라고 한다.
간접세/직접세	조세는 납세의무자와 실제로 세금을 부담하게 되는 조세부담자가 일치하는지 여부에 따라 간접세(indirect tax)와 직접세(direct tax)로 구분된다.
감독자협의회	다국적 금융기관들에 대한 효과적인 규제 감독을 위하여 다국적 금융기관의 본점이 소재한 국가(home country)의 감독 당국과 동 기관의 지점 또는 자회사가 소재한 진출국 (host country)의 감독 당국들로 구성된 정보공유 및 감독협력 협의체를 의미한다.
감응도계수	전방연쇄효과 참조 (245쪽)
갑기금(Capital A)	갑기금은 금융위원회로부터 인정받은 금액에 한하여 지점별로 관리하되 각 외은지점의 갑기금은 30억원 이상이어야 한다.
거시건전성 정책	개별 금융회사의 부실 방지를 목적으로 하는 미시건전성정책(microprudential policy) 과 달리 경제 전체의 금융안정을 위해 시스템 리스크(systemic risk)를 억제하는 정책을 의미한다.
거액결제시스템	거액의 자금이체가 참가기관 간에 자기계산으로 또는 고객을 대신하여 이루어지는 자금이체시스템을 말한다.
거액익스포저 규제	은행의 특정 차주 등에 대한 신용공여가 과대한 경우 해당 거래상대방의 채무불이행 등의 발생 시 해당 은행의 자본건전성을 심하게 훼손할 가능성(편중리스크)이 있다.
결제	결제(settlement)는 개인이나 기업 등 경제주체가 자금거래 또는 금융자산 거래를 한 후 청산과정을 통해 최종 확정된 금액 또는 증권을 이전하여 법적인 채권 채무를 종결시키는 과정이다.
결제리스크	결제리스크는 예기치 못한 사정으로 인하여 결제가 예정대로 이루어지지 않을 가능성 또는 그로 인하여 야기되는 손실발생 가능성으로 정의할 수 있다.
결제부족자금 공동분담제	결제부족자금 공동분담제(loss-sharing)는 참가기관의 결제불이행에 따른 미결제채무 를 여타 참가기관들이 공동분담함으로써 결제의 종료성을 확보하는 방안이다.
결제완결성	지급결제시스템을 통해 이루어진 참가기관의 지급, 청산, 결제가 어떠한 상황이나 법률에 의해서도 취소되거나 무효화되지 않고 해당 지급결제시스템의 운영 규칙에 따라 무조건적으로 이루어지는 것을 의미한다.
겸업주의/전업주의	하나의 금융회사가 제공할 수 있는 금융서비스의 종류를 어떻게 정하느냐에 따라 겸업주의(universal banking)와 전업주의(specialized banking)로 구분된다.
경기	경기(business conditions)라는 단어는 일상생활에서 경제적인 형편을 뜻하는 말로 자주 사용된다.
경기동향지수(경기확산지수)	경기동향지수는 경기종합지수와는 달리 경기변동의 진폭이나 속도는 측정하지 않고 변화방향만을 파악하는 것으로서 경기의 국면 및 전환점을 식별하기 위한 지표로서 경기확산지수(diffusion index)라고도 한다.
경기순응성	경기순응성이란 통상 경제주체의 위험인식 및 행위, 금융의 제도 및 규제 등의 효과가 경기변동의 움직임과 같은 방향으로 움직이는 것을 의미한다.
경기조절정책/경제안정화정책	경기조절정책(business adjustment policy) 또는 경제안정화정책(stabilization policy) 은 경기가 지나친 확장 또는 수축 현상을 보일 경우 이를 정상수준으로 되돌리기 위해 정책당국이 취하는 제반 조치를 말한다.
경기종합지수	산업생산지수, 소매판매액지수 등 개별 경제지표들은 경제활동의 한 측면만을 반영하 고 있어 나라 경제의 전반적인 상황을 종합적으로 파악하기 어렵다.
경상수지	경상수지는 재화나 서비스를 외국과 사고파는 거래 즉 경상거래의 결과로 나타나는 수지를 말한다.
경영실태평가/은행경영실태등급평가제도	임점 검사 시 금융기관의 경영실태 전반을 점검 평가하는 제도이다.
경영지도비율	금융위원회는 은행법 제45조, 은행업 감독규정 제26조 및 동 시행세칙 제17 조 에 의거 금융기관 경영의 건전성 확보를 통한 신용 질서유지 및 예금자보호를 목적으로 BIS자기자본비율, 원화유동성비율 등의 경영지도비율을 정하여 운용하고 있다.
경영평가지표	은행경영실태평가 시 이용하는 경영평가지표는 크게 계량지표와 비계량평가항목으로 구분할 수 있다.
경제성장률	경제성장률이란 일정 기간(분기 또는 연간) 중 한 나라의 경제규모, 즉 국민소득 규모가 늘어난 정도를 백분율로 표시한 것이다.
경제심리지수	경제심리지수란 기업가 또는 소비자들의 경제에 대한 인식을 조사하여 작성한 지표이며, 대표적으로 조사대상을 기업가로 하는 기업경기실사지수(BSI; Business Survey Index) 와 소비자로 하는 소비자동향지수(CSI; Consumer Survey Index)가 있다.
경제협력개발기구(OECD)	제2차 세계대전 직후 유럽경제 부흥 지원을 위해 설립되었던 유럽경제협력기구(OEEC)의 18개국과 미국, 캐나다 등 총 20개 선진국이 1960년 12월에 설립한 국제기구이다.
경제활동인구/비경제활동인구/경제활동참가율	군인과 재소자 등을 제외한 만15세 이상 인구를 노동가능인구라 하며, 이 중 일할 수 있는 능력과 취업의사를 동시에 갖춘 사람을 경제활동인구라 한다.
경제후생지표	복지지표로서 한계성을 갖는 국민총소득(GNI)을 보완하기 위해 미국의 노드하우스(W. Nordhaus)와 토빈(J. Tobin)이 제안한 새로운 지표를 말한다.
경직적 물가지수	소비자물가지수를 구성하는 품목 중에 가격이 경직적으로 움직이는 품목과 신축적으 로 움직이는 품목으로 나누어 볼 수 있는데, 그중 경직적으로 움직이는 품목들을 대상으 로 만든 물가지수를 경직적 물가지수, 신축적으로 움직이는 품목을 대상으로 한 물가지수 를 신축적 물가지수라 한다.
계절변동조정시계열	경제의 움직임은 주로 일, 주, 월, 분기 또는 연간 등 일정기간을 기준으로 통계를 수집하여 파악하는데 이를 시계열이라 한다.
계좌대체	중앙예탁기관에 계좌를 설정한 계좌 설정자간의 유가증권 수수를 실물증권의 인수도 대신 계좌간 대체하는 방식으로 장부상 처리하는 것을 말한다.
고객확인절차(KYC)	고객확인절차(KYC; Know Your Customer)는 고객의 신원을 식별하고 확인하는(verify) 업무절차를 뜻한다.
고용률	고용률은 통계청에서 매월 작성하고 있는 경제활동인구조사에서 집계된 15세 이상 인구(노동가능인구)에 대해 취업자가 차지하는 비율을 말한다.
고용보조지표	국제노동기구(ILO)에서는 노동공급과 노동수요가 일치하지 않아서 일하고 싶은 욕구 가 있음에도 불구하고 일을 하고 있지 못하는 노동력의 크기를 나타내는 고용보조지표를 새로이 확정(2013년 10월)한 바 있다.
고용유발효과/취업유발효과	노동유발효과는 소비, 투자, 수출 등 최종수요의 발생이 생산을 유발하고 생산이 다시 노동수요를 유발하는 파급 메커니즘에 기초하여 최종수요와 노동유발을 연결시킴 으로써 분석한다.
고정금리	고정금리란 최초 약정한 금리가 만기때까지 그대로 유지되는 금리를 의미하며 변동금 리란 일정 주기별로 시장 금리를 반영하여 약정금리가 변동하는 금리를 의미한다.
고정금리부채권(SB)	고정금리부채권(Straight Bond)이란 정해진 기일에 고정된 이자를 지급하고 정해진 만기에 원금을 지급하는 가장 일반적인 형태의 채권으로 전환사채(CB; Convertible Bond)의 주식전환권과 같이 특별한 조건이 없는 채권을 말한다.
고정분류여신	금융기관은 정기적으로 차주의 채무상환능력과 금융거래 내용 등을 감안하여 보유자 산 의 건전성을 5단계(정상, 요주의, 고정, 회수의문, 추정손실)로 분류하여 각각 그에 상응하는 적정 수준의 대손충당금을 적립하여야 한다.
고정이하여신비율	은행은 보유하고 있는 여신을 자산건전성에 따라 5단계로 분류하여 관리하고 있다. 즉 자산건전성이 가장 양호한 상태인 정상에서부터 회수가 어려운 정도에 따라 단계적으 로 요주의, 고정, 회수의문, 추정손실 등으로 분류한다. 이 중 고정, 회수의문, 및 추정손실 로 분류된 여신의 합계액을 총여신으로 나눈 비율을 고정이하여신비율이라고 한다.
고정자본소모	생산활동에는 공장, 기계설비 등 고정자본(시설)이 필요한데 이들은 생산활동 과정에 서 마모되기 마련이다.
고정환율제도/자유변동환율제도	환율제도는 고정환율제도(fixed exchange rate system)와 자유변동환율제도(free floating exchange rate system)를 양 극단으로 하여 이를 절충하는 다양한 형태로 분류될 수 있다.
고통지수	소비자물가상승률과 실업률을 더한 값으로 1975년 미국의 경제학자 오쿤(A. Okun) 이 국민의 삶에 실업률과 물가상승률이 큰 영향을 준다는 점에 착안하여 만든 국민의 삶의 질을 측정하기 위한 지표이다.
골디락스경제	골디락스경제(Goldilocks economy)는 경기과열에 따른 인플레이션과 경기침체에 따른 실업을 염려할 필요가 없는 최적 상태에 있는 건실한 경제를 가리킨다.
공개시장운영	공개시장운영(open market operation)은 중앙은행이 금융시장에서 금융기관을 상대 로 국공채 등 증권을 매매하여 시중유동성이나 시장금리 수준에 영향을 미치는 통화정책 수단이다.
공공재	공공재는 모든 개인이 공동으로 이용할 수 있는 재화 또는 서비스를 의미한다.
공급사용표(SUT)	산업연관표는 투입산출표(Input-Output Tables)와 공급사용표(Supply and Use Tables)로 구성되는데, 투입산출표는 상품을 기준으로, 공급사용표는 산업을 기준으로 생산내역을 나타낸 표이다.
공급탄력성	공급탄력성은 가격변화에 대한 공급의 민감도를 측정하는 척도이다.
공매도	공매도(short selling)란 없는 것을 판다는 의미로 쓰이는데 주식시장에서 공매도란 투자자가 주식을 보유하지 않은 상태에서 주가 하락을 예상하고 금융기관으로부터 주식 을 빌려 먼저 매도한 후, 주가가 하락하면 시장에서 주식을 매입하여 되갚은 후 차익을 얻는 투자를 말한다.
관리변동환율제도	환율이 장기적으로 외환시장의 수급상황에 따라 결정되도록 하지만, 단기적으로 정부 와 중앙은행이 적정하다고 판단하는 수준에서 환율을 안정시키기 위해 수시로 외환시장 에 개입하여 환율수준을 관리하는 환율제도이다.
관리통화제도	관리통화제도는 1930년대의 대공황을 계기로 많은 나라들이 금본위제도를 포기하면 서 도입된 통화제도로 일국의 통화량 증감을 중앙은행 등 정책당국이 재량으로 조절하는 제도를 말한다.
교환사채(EB)	교환사채(EB; Exchangeable Bond)란 사채권자의 의사에 따라 사채를 교환사채 발행 기업이 보유하고 있는 타사 주식 등 여타의 유가증권과 교환할 수 있는 선택권이 부여된 사채를 말한다.
교환성 통화	현재는 외환시장에서 미국의 달러화와 자유로이 교환 가능한 통화라는 의미로 사용되고 있다.
구매력평가환율	구매력평가(PPP; Purchasing Power Parity) 환율은 해당 통화의 실질 구매력을 기준으 로 평가한 환율이라고 할 수 있는데, 이는 관련 당사국간 물가수준(또는 물가상승률) 차이 즉, 당사국 화폐 간 실질구매력(가치)의 차이에 의해 균형 환율이 결정된다는 구매력 평가이론에 근거하고 있다.
구속성예금	금융기관이 차주에 대한 여신과 연계하여 대출금액의 일부를 차주의 의사에 반하여 예적금 등으로 수취하거나 정당한 사유 없이 차주의 예적금 인출 및 해약을 제한하는 행위를 말한다.
구인배율	노동의 수요와 공급을 나타내는 지표로 일자리 수를 취업 희망자 수로 나누어 구하는데 인력수급동향을 파악하는 데 주로 이용된다.
구제금융	어떤 기업이 도산할 경우 국민경제에 미칠 부정적 영향을 우려하여 금융기관은 해당 기업에 도산방지를 위하여 정책적으로 자금을 지원해 주는데 이를 구제금융(relief loan) 이라 부른다.
구조적 이익률	은행의 장기적인 생존 가능성은 충분한 이익을 창출할 수 있는 능력에 달려 있으며 은행의 이익은 금리, 대출규모, 고정이하여신비율 등의 변동에 따라 민감하게 움직인다.
국가경쟁력지수	국가경쟁력은 국제경쟁력으로 불리기도 하는데 흔히 한 나라가 사업하기 좋은 환경을 조성해 국민경제의 성장 및 국민들의 삶의 질 향상을 이끌어내는 능력을 말한다.
국가신용등급	국제신용평가사가 한 국가의 정부 채무 이행 능력과 의사 수준을 평가, 표시한 등급으 로 국제금융시장에서 차입금리나 투자여건을 판단하는 기준이 된다.
국가채무	국가채무란 정부가 재정적자 보전 등을 목적으로 국내외로부터 자금을 차입함으로써 발생하는 채무를 말한다.
국고금 실시간 전자이체	국고금 실시간 전자이체란 정부가 지급할 국고금이 실시간으로 각 채권자의 예금계좌 로 바로 입금되게 하는 것을 말한다.
국고대리점	국가의 경제활동도 민간의 경제활동과 마찬가지로 금전 수수를 수반하게 되는데 이와 같은 경제활동에 수반되는 일체의 현금을 통상 국고금이라 한다.
국고수표	국고금의 기본지급수단으로서 모든 국고금은 원칙적으로 지출관 또는 출납공무원이 발행하는 국고수표에 의해 지급된다.
국고전산망	2003년 1월 한국은행이 국고업무를 전자적으로 처리하기 위하여 구축한 전산망을 국고전산망이라고 말하며 정부(디지털예산회계시스템(dBrain)), 한국은행, 금융기관(우정사업본부 포함) 및 금융결제원의 전산시스템을 서버접속 방식으로 연결한다.
국내공급물가지수	국내공급물가지수는 생산자물가지수의 국내출하품 뿐만 아니라 수출입물가지수의 수입품을 모두 포함하여 가공정도에 따라 원재료, 중간재 및 최종재로 구분하여 지수를 국내신용 편제함으로써 물가 파급과정을 단계별로 파악할 수 있도록 한 지수로 기존에 작성했던 가공단계별물가지수(stage-of-processing index)를 서비스 부문까지 확장한 것이다.
국내신용	예금취급기관이 중앙정부, 지방정부 및 사회보장기구, 기업, 가계, 기타금융기관 등 여러 부문을 통해 공급한 통화를 국내신용(DC; Domestic Claims 또는 Domestic Credit) 이라고 한다.
국내총생산(GDP)	국내총생산(GDP; Gross Domestic Product)은 한 나라의 영역 내에서 가계, 기업, 정부 등 모든 경제 주체가 일정 기간 동안 생산활동에 참여하여 창출한 부가가치 또는 최종 생산물을 시장가격으로 평가한 합계로서 여기에는 국내에 거주하는 비거주자(외국 인)에게 지급되는 소득도 포함된다.
국내총투자율	국내 총투자율(gross domestic investment ratio)은 국민경제가 구매한 재화 중에서 자산의 증가로 나타난 부분이 국민총처분가능소득에서 차지하는 비율을 의미한다.
국민계정체계(SNA)	국민계정은 국민경제의 순환과 변동을 체계적으로 기록한 사회회계로서 경제활동을 거래형태별 및 거래에 참가하는 경제주체별로 파악하여 복식부기 방식으로 기록한 것이 다.
국민대차대조표	국민대차대조표(national balance sheet)는 특정 시점에서 국민경제 또는 비금융법인 기업, 금융법인기업, 일반정부, 가계 및 비영리단체, 국외 등 각 경제주체가 보유하고 있는 유 무형 실물자산 및 금융자산/부채의 가액과, 자산에서 부채를 차감한 순자산을 기록한 스톡통계이다.
국민부담률	국민부담률(total tax revenue as percentage of GDP)이란 조세와 사회보장기여금이 명목 국내총생산(GDP)에서 차지하는 비중(조세부담률+사회보장부담률)을 말한다.
국민소득	국민소득(NI; National Income) 이란 넓은 의미로 볼 때 한 나라 안에 있는 가계, 기업, 정부 등의 모든 경제주체가 일정 기간에 생산한 재화와 용역의 가치를 화폐단위로 평가하여 합산한 것으로 흔히 국민총소득으로 불리고 있다.
국민소득 3면 등가의 법칙	국민소득이란 한 국가에 있는 가계, 기업, 정부 등 모든 경제주체가 일정 기간(보통 1년)에 새로이 생산한 재화 및 서비스의 가치를 금액으로 평가하여 더한 총합을 의미한 다.
국민처분가능소득	국민처분가능소득(NDI; National Disposable Income)은 국민경제 전체가 소비나 저 축으로 자유로이 처분할 수 있는 소득의 규모를 나타내는 것으로 국민계정의 중요한 총량지표 중 하나이다.
국민총소득(GNI)	국민총소득(GNI; Gross National Income)은 한 나라의 국민이 생산활동에 참여한 대가로 받은 소득의 합계로서 외국으로부터 국민(거주자)이 받은 소득(국외수취 요소소 득)은 포함되고 국내총생산 중에서 외국인에게 지급한 소득(국외지급 요소소득)은 제외된다.
국부펀드	국부펀드(sovereign fund)는 주로 투자수익을 목적으로 다양한 종류의 국내외 자산에 투자 운용하는 국가보유투자기금을 말한다.
국외순수취경상이전	국외순수취경상이전은 거주자와 비거주자 간에 반대급부 없이 일어나는 이전거래로 국외수취경상이전에서 국외지급경상이전을 차감하여 구하며 거래주체에 따라 민간이전 과 공공이전으로 구분할 수 있다.
국외순수취요소소득	국외순수취요소소득은 한 나라의 국민이 국외에서 노동, 자본 등의 생산요소를 제공한 대가로 받은 국외수취요소소득에서 국내의 외국인이 생산활동에 참여함으로써 발생한 국외지급요소소득을 차감한 것으로 국외순수취 기업 및 재산소득과 피용자보수를 더하 여 구한다.
국외저축	개별 경제주체가 모자라는 돈을 다른 사람으로부터 조달하는 것과 마찬가지로 국민경제에서도 투자가 저축을 초과하게 되면 부족한 돈을 국외로부터 조달하게 되는데 이를 국외저축(foreign savings)이라고 한다. 국외저축은 경상수지적자와 일치하며 경상수지적자는 순국외채무(국외채무-국외 채권)의 증가로 보전된다.
국제결제은행(BIS)	BIS(BIS; Bank for International Settlements)는 1930년 헤이그협정을 모체로 설립된 세계에서 가장 오래된 국제금융기구로서 중앙은행 간 정책협력을 주요기능으로 하고 있으며 현재 60개 중앙은행이 회원은행으로 참여하고 있다.
국제금융시장	국제금융시장이란 국경을 넘어 자금의 수요와 공급을 연결해 주는 시장 또는 모든 거래 메커니즘을 말하며 두 가지 의미로 사용된다.
국제금융중심지	특정 국가나 지역이 국제금융시장으로 기능하기 위해서는 자국 통화의 국제통용성, 상대적으로 우월한 기초경제력, 고도로 발달된 금융시장과 다양한 장단기 금융수단의 자유로운 거래, 전 세계시장 정보의 신속 저렴한 공급, 세계적인 상품 및 서비스거래의 국제수지(BOP) 중심지 등의 요건을 두루 갖추어야 한다.
국제산업연관표	국제산업연관표(International Input-Output Tables)란 국가 간 수출입을 매개로 여러 나라의 산업연관표를 연결하여 하나의 산업연관표로 작성한 것이다.
국제수지(BOP)	일정 기간 동안 한 나라의 거주자와 비거주자 간에 발생한 경제적 거래에 따른 수입과 지급의 차이를 의미한다.
국제수지표	일정 기간 동안 한 나라의 거주자와 비거주자 간에 발생한 경제적 거래를 국제기준에 따라 체계적으로 기록한 표이다.
국제원유가격	이중 국제원유시장의 대표유종은 미국서부텍사스중질유(WTI; West Texas Intermediate), 영국 브렌트유 및 아랍에미레이 트(UAE) 두바이유의 세 가지이다.
국제통화기금(IMF)	국제통화 및 금융제도의 안정을 도모하기 위한 국제금융기구로서 미국 워싱턴에 본부를 두고 1945년 12월 설립되었다.
국제투자대조표(IIP)	국제투자대조표(IIP; International Investment Position)는 일정시점 현재 한 나라 거주자의 비거주자에 대한 금융자산(대외투자) 및 금융부채(외국인투자) 잔액을 기록한 통계표로서 국제수지의 금융계정(직접투자, 증권투자, 파생금융상품, 기타투자, 준비자 산)과 포괄범위가 동일하다.
국제회계기준	국제회계기준(IFRS; International Financial Reporting Standards)은 기업의 회계처리 와 재무제표에 대한 국제적 정합성을 높이기 위해서 국제회계기준위원회(IASB; International Accounting Standards Board)가 제정한 회계처리기준을 말한다.
국채	국채란 정부가 다양한 목적의 재정자금을 조달하기 위해 발행하는 채권을 말한다.
규모의 경제	일반적인 경우 기업이 재화 및 서비스 생산량을 늘려감에 따라 추가적으로 소요되는 평균 생산비용도 점차 늘어난다.
규제 샌드박스	규제 샌드박스(regulatory sandbox)는 핀테크 기업이 현행 규제를 적용받지 않으면서 자신의 혁신적인 금융상품과 비즈니스모델을 시험할 수 있는 공간이나 제도를 뜻한다.
그램-리치-블라일리법	1999년 11월 미국 의회가 제정한 법으로서 공식 명칭은 금융서비스현대화법(The Financial Services Modernization Act of 1999)이다.
그린본드	그린본드는 발행대금을 기후 및 환경 관련 사업에 사용하는 것을 전제로 발행되는 특수목적 채권이다.
그림자 금융	집합투자기구(MMF 채권형 혼합형 펀드 등), RP 거래, 유동화기구 등과 같이 은행시 스템 밖에서 신용중개기능을 수행하지만 은행 수준의 건전성 규제와 예금자보호가 적용되지 않는 기관 또는 활동을 이르는 용어이다.
근원인플레이션율	근원인플레이션율(core inflation rate)은 물가변동을 초래하는 여러 요인들 가운데 일시적인 공급충격의 영향을 제외한 기조적인 물가상승률을 말한다.
글래스-스티걸법	미국 의회가 제정한 법으로 공식 명칭은 1933년 은행법(Banking Act of 1933)이다.
글로벌가치사슬(GVC)	글로벌 가치사슬(GVC; Global Value Chain)은 상품의 설계, 부품과 원재료의 조달, 생산, 유통, 판매에 이르기까지 각 세분화된 과정이 어느 한 국가가 아닌 비용면에서 우위가 있는 국가에서 이루어지면서 각 단계별로 부가가치가 창출되는 세계교역의 새로 운 패러다임을 말한다.
글로벌금융안전망	금융위기 등으로 인하여 외화유동성이 부족해지는 경우에 대비하기 위하여 각국이 외화유동성을 인출하거나 지원받는 각종 제도적 장치들을 총칭하여 글로벌금융안전망이라고 한다.
금리선물	금리선물(interest rate futures)이란 기초자산인 금리를 거래대상으로 하며 현재의 시점에서 정한 가격으로 미래의 특정 시점에서 사거나 팔 것을 약정하는 계약을 말한다.
금리스왑	금리스왑(IRS; Interest Rate Swaps)이란 금리변동위험 헤지 및 차입비용 절감 등을 위하여 거래당사자 간에 원금교환 없이 정기적(3개월)으로 변동금리(91일물 CD금리) 와 고정금리(IRS금리)를 교환하는 거래를 말한다.
금리자유화	금리자유화란 금리규제를 철폐함으로써 금리가 시장의 자금수급에 따라 자유로이 결정될 수 있도록 하는 조치이다.
금리평가이론	완전한 금융시장에서 즉, 국경간 자본이동에 규제가 없고 거래비용이나 세금 등을 고려하지 않은 경우, 2개국 간의 금리격차는 선물환 프리미엄(또는 스왑레이트)과 같다 는 이론이다.
금본위제	금본위제란 각국의 통화가치를 순금의 일정한 중량으로 정해 놓고 금화의 자유로운 주조와 수출입을 허용하며 이를 지폐나 예금통화 등과 교환할 수 있도록 하는 제도이다.
금산분리	산업자본이 은행지분을 일정한도 이상 소유하지 못하도록 하는 것을 금산분리라고 한다.
금융 하부구조	지급결제시스템, 신용평가제도, 주식시장, 선물시장 등과 같이 금융거래가 원활하게 이루어질 수 있도록 지원하는 각종 제도적 장치 및 기관을 의미한다.
금융EDI	EDI(Electronic Data Interchange)는 기업 상호 간에 접속된 컴퓨터를 이용하여 재화와 용역의 거래정보를 표준화된 양식으로 교환하여 상거래를 처리함으로써 각종 서류작성 및 거래 정보의 컴퓨터 중복입력 등을 생략하고 업무처리의 정확성 및 효율성을 높이기 위해 개발된 시스템이다.
금융공황	금융공황(banking panic)은 일부 금융기관이 실물경제 침체 등으로 인한 대출 부실화 로 심각한 경영난에 빠졌을 때 예금인출사태(bank run)가 해당 금융기관만이 아닌 다른 금융기관에까지 급속하게 확산되어 금융시장 전체가 신용경색 사태에 직면하는 현상을 말한다.
금융사이클	경제주체의 위험추구 성향, 신용담보로 제공되는 실물자산의 가치변동 등이 상호작용하면서 나타나는 금융변수들의 종합적인 순환변동을 의미한다.
금융시스템 상호연계성	금융불안을 초래할 수 있는 시스템 리스크는 시계열 차원뿐만 아니라 특정 시점에서 종합적으로 파악할 필요가 있는데, 특정 시점에서 시스템 리스크를 초래할 수 있는 핵심 요인인 상호연계성은 해당 금융업권(기관)이 영업활동 과정에서 여타 금융업권(기관)과 밀접하게 연결된 정도를 의미한다.
금융안정	금융회사들이 정상적인 자금중개기능을 수행하고, 금융시장 참가자들의 신뢰가 유지 되는 가운데 금융인프라가 잘 구비되어 있어 금융시스템이 원활히 작동하는 상태를 의미한다.
금융안정위원회(FSB)	기존 금융안정포럼(FSF)의 국제금융시장 안정 기능을 보다 강화하기 위하여 동 포럼의 참여 대상, 책무, 권한 등을 확대 개편하여 2009년 4월 금융안정위원회(FSB; Financial Stability Board)가 설립되었다.
금융안정지수	금융안정 상황을 나타내는 금융 및 실물 6개 부문(은행, 금융시장, 대외, 실물경제, 가계, 기업)의 20개 월별 지표를 표준화하여 산출한 지수이다.
금융연관비율(골드스미스비율)	금융연관비율(financial interrelations ratio)은 한 나라의 금융자산 잔액을 유형자산 (실물자산 또는 국부 = 유형자산 + 순 대외자산) 잔액으로 나눈 비율로 골드스미스 금융의 탈중개화 (R.W.Goldsmith)가 사용하기 시작하였다.
금융의 증권화	금융의 증권화(securitization)란 금융시장에서 거래가 용이한 유가증권을 이용하여 자금을조달하거나 운용하는 방식이 확대되는 현상을 말한다.
금융의 탈중개화	핀테크의 발달에 따라 금융업의 분화 현상이 심화됨으로써 금융서비스가 탈중개화(disintermediation)되고 탈집중화(decentralization)되는 경향을 보인다.
금융의 탈집중화	예를 들면, 대출 분야의 경우 지점을 갖지 않는 인터넷전문은행이 인터넷(모바일) 금융서비스 분야에 새로 진입하여 획기적으로 단기간에 대규모 고객을 확보함에 따라, 기존 대형 은행들이 대출금리 하향 조정 압력을 받게 됨은 물론 은행 내부에서 인터넷(모바일)뱅킹사업 분야의 조직이 나 인원을 별도로 강화할 수밖에 없게 되었다.
금융제도	금융거래에 관한 체계와 규범을 총칭하는 개념으로 금융시장, 금융기관, 금융기반구조(infra-structure)로 구분된다.
금융중개지원대출제도	한국은행의 금융중개지원대출 제도는 은행의 중소기업 등에 대한 대출 확대를 유도하 기 위해 동 대출 취급실적에 비례하여 한국은행이 은행에 낮은 금리로 자금을 공급하는 대출제도를 말한다.
금융지주회사	금융지주회사(financial holding company)는 지분 보유를 통해 은행 증권 보험 자산관 리 등의 금융업을 영위하는 자회사들을 소유하여 경영하는 모회사를 말한다.
금융채	금융채는 은행, 금융투자회사, 리스회사, 신용카드회사 등 금융기관이 장기적으로 안정적인 자금을 조달하기 위하여 발행하는 채권을 말한다.
금융통화위원회	금융통화위원회(monetary policy board)는 통화신용정책 수립 및 한국은행 운영에 관한 최고 의사결정기구로서 7명의 위원으로 구성된다.
금전신탁	금전신탁이란 수탁자가 금전을 신탁재산으로 위탁받아 이를 대출, 채권 등 적절한 투자대상에 운용하여 얻은 이익을 수익자에게 금전 등의 형태로 되돌려 주는 제도이다.
기대인플레이션	기대인플레이션은 향후 물가상승률에 대한 경제주체의 주관적인 전망을 나타내는 개념으로 물가안정을 추구하는 중앙은행이 관심을 기울이고 안정적으로 관리해야 하는 핵심지표중 하나이다.
기본자본(Tier 1)	BIS 자기자본비율의 분자를 구성하는 자기자본 중 보통주자본(CET1; Common Equity Tier 1)과 기타기본자본(AT1; Additional Tier 1)을 함께 일컫는 말이다.
기업 개인간(B2C) 지급결제시스템	기업 개인 간(B2C) 지급결제시스템은 기업 간(B2B) 지급결제시스템과는 달리 특정 지급결제시스템을 지칭하는 것이 아니라 인터넷쇼핑몰 등의 전자상거래에서 이루어지 는 판매자 및 구매자 간의 소액결제에 이용되는 지급결제시스템을 통칭하는 용어이다.
기업간(B2B) 지급결제시스템	기업 간(B2B) 지급결제시스템은 전자외상매출채권(전자채권)의 발행과 만기 시 결제를 처리하는 시스템으로 2002년 3월 가동되었다.
기업경기실사지수(BSI)	한 나라의 전체 경기는 기업과 소비자들이 느끼는 경기를 종합한 것이라고 할 수 있다.
기업공개	기업공개(IPO; Initial Public Offering)란 넓은 의미로는 기업의 전반적 경영내용을 공개하는 것을 의미하며 좁은 의미로는 주식을 다수의 투자자들에게 분산 매각하는 것을 말한다.
기업어음(CP)	기업어음(CP; Commercial Paper)은 신용상태가 양호한 기업이 상거래와 관계없이 운전자금 등 단기자금을 조달하기 위하여 자기신용을 바탕으로 발행하는 융통어음을 의미한다.
기저효과	기저효과(base effect)는 경제지표 증가율을 해석할 때 기준시점과 비교시점의 상대적 인 위치에 따라서 경제상황에 대한 평가가 실제보다 위축되거나 부풀려지는 등의 왜곡이 일어나는 것을 말한다.
기준금리	한국은행과 금융기관 간에 환매조건부채권매매(RP)와 대기성 여수신 등의 자금거래를 할 때 기준으로 적용된 다.
기준순환일	기준순환일이란 경기변동의 과정에서 국면전환이 이루어진 일자를 의미한다.
기준환율	기준환율이란 일반적으로 “자국 통화와 여러 외국 통화간의 환율결정에서 다른 외국 통화 환율 결정의 기준이 되는 환율”을 의미한다.
기초가격	기초가격(basic price)은 일정 기간 동안 경제주체가 생산한 생산물을 가격으로 평가함 에 있어 생산자가격에서 부가가치세와 같은 생산물세(production tax)를 제외하고 정부 에서 주는 보조금(subsidy)을 더한 가격을 의미하며, 순수하게 생산자(주로 기업) 가 갖게 되는 몫을 말한다.
기축통화	기축통화란 여러 국가의 암묵적인 동의하에 국제거래에서 중심적인 역할을 하는 통화를 지칭한다.
기타기본자본(Additional Tier 1)	기타기본자본(AT1; Additional Tier 1)은 요건을 충족하는 기타기본자본증권 및 이와 관련된 자본잉여금, 자회사가 발행한 기타기본자본증권의 제3자 보유분 중 일부 금액 등으로 구성된다.
기펜재	일반적으로 재화는 수요의 법칙에 따라 가격이 하락하면 수요량이 늘어난다.
기회비용	희소한 자원을 가지고 인간의 모든 욕구를 충족시킬 수 없기 때문에 인간은 누구든지 부족한 자원을 어느 곳에 우선으로 활용할 것인가를 결정하는 선택을 해야 한다.
긴급수입제한조치	긴급수입제한조치 즉, 세이프가드(safeguard)란 특정 품목의 수입이 급증하여 국내 업체에 심각한 피해가 발생하거나 그럴 우려가 있을 경우, 수입국이 관세 인상이나 수입량 제한 등을 통해 수입품에 대한 규제를 할 수 있는 제도이며 무역장벽의 하나라고 볼 수 있다.
긴축정책	경기과열 우려가 있는 경우에 재정 또는 통화정책으로 국민의 소득을 감소시켜 재화 및 서비스에 대한 수요를 위축시키고 경기의 과열을 방지하려는 정책을 긴축정책(contractionary policy)이라고 한다.
꼬리위험	경제에 미치는 충격의 확률분포곡선이 종(鐘) 모양이라고 가정한다면 양극단 꼬리부 분의 발생 가능성은 매우 낮지만 일단 발생하면 경제 전체에 지대한 영향을 줄 수 있는 위험이다.
낙수효과	정부가 경제정책으로 대기업과 고소득층 또는 부유층의 소득과 부를 먼저 늘려주게 되면 이들의 소비와 투자 증가를 통해 전체 경제활동이 활발해지면서 결국에는 중소기업과 저소득 층도 혜택을 볼 수 있다는 주장이다.
낙인효과	범죄학의 낙인이론에 따르면 일탈 또는 범죄행동은 관련 주체의 독자적 행동에 의해서도 발생하지만, 해당 행동에 대한 사회적 평가 또는 해당 행동을 한 주체의 사회적 소외의 결과로도 발생할 수 있다.
난외거래	은행의 권리 의무가 확정되지 않아 재무상태표상(on-balance sheet) 자산 부채로 기록되지 않는 거래를 의미한다.
납부자자동이체	납부자자동이체(standing order)는 은행지로 업무의 한 형태로 고객이 거래은행이 아닌 다른 은행에 대출원리금, 정기적금 등을 정기적으로 납부할 때 거래은행의 본인계좌 에서 다른 은행으로 자동 이체시켜 주는 업무로서 1994년 4월부터 실시되었다.
내국신용장	국내 외국환은행이 수출업자의 의뢰에 따라 수출업자 앞 국제 신용장(Master L/C) 을 담보로 하는 등의 방식으로 국내 제조업자 또는 공급업자 앞으로 발행하는 신용장을 말한다.
내부등급법	내부등급법은 부도율에 대해서만 자체 추정을 허용하고 나머지 요소들은 감독당국이 정한 값을 사용하도록 하는 기본내부 등급법과 모든 리스크 측정 요소의 자체 추정을 허용하는 고급내부등급법으로 구분된다.
내부자금	기업은 투자에 필요한 자금을 기업내부 또는 기업외부에서 조달하는데, 기업이 투자 재원을 내부유보, 감가상각충당금 등에서 조달한 것을 내부자금이라고 한다.
노동생산성/노동생산성지수	노동자 1인이 일정 기간 동안 산출해 내는 생산량으로 정의된다.
노동소득분배율	한 나라 국민의 생산활동으로 발생한 소득은 노동, 자본, 경영 등의 생산요소를 제공한 경제주체에 나누어진다.
녹색GDP	일반적으로 녹색GDP(Green GDP)는 한나라의 국내총생산(GDP)에서 생산활동 중 발생하는 자연자원의 감소나 환경피해 등의 손실액을 공제한 것으로 이해된다.
녹색기후기금(GCF)	개도국의 온실가스 감축과 기후변화 대응을 지원하기 위하여 만들어진 UN 산하의 국제금융기구이다.
단기금융시장	단기금융시장(money market)은 금융기관, 기업 등 경제주체들이 단기적인 자금수급 불균형을 조절하기 위하여 통상 만기 1년 이내의 단기 금융상품을 거래하는 시장이다.
단리/복리	단리(simple interest)는 원금에 대해서만 약정된 이율과 기간을 곱하여 이자를 산출하는 방식이다.
단위노동비용	단위노동비용이란 산출물 한 단위를 생산하는데 소요되는 노동비용을 말한다.
단일금리방식/복수금리방식	경쟁입찰에 따른 발행금리 결정방식에는 복수금리(conventional)방식과 단일금리(dutch)방식이 있다.
담보인정비율(LTV)	자산의 담보가치에 대한 대출 비율을 의미하며, 우리나라에서는 주택가격에 대한 대출 비율로 많이 알려져 있다.
당일결제/익일결제/익익일결제	현물환거래의 결제는 거래당사자 상호 간에 신용위험을 회피하기 위하여 거래계약일 과 동일한 날짜에 결제가 이루어지는 것을 원칙으로 하고 있다.
대기성 여수신제도	대기성 여수신제도(standing facilities)는 주요국 중앙은행에서 대출제도로 운용되고 대손충당금적립비율 있다.
대량지급	대량지급(direct credit)은 은행지로 업무의 한 유형으로서 급여, 연금, 배당금 등과 같이 일시 또는 정기적으로 발생하는 대량지급 거래를 위하여 공공기관이나 대기업 등 이용기관의 예금계좌에서 다수의 수취인 예금계좌로 지정된 날짜에 자금을 이체하는 업무이다.
대손충당금적립비율	기업이 보유하는 채권 중에서 거래상대방의 부도 등으로 받기 어려워 손실이 발생할 수 있는데, 이러한 손실을 충당하기 위해 미리 비용으로 처리해서 사내에 유보해둔 자금을 대손충당금이라고 한다.
대안정기	2002년 4월 전미경제연구소(NBER; National Bureau of Economic Research) 연례 세미나에서 미국 하버드대 스톡(J. Stock) 교수와 프린스턴대 왓슨(M. Watson) 교수가 주요국의 경기순환이 달라졌음을 설명하면서 처음 사용한 용어이다.
대외의존도/수출입의존도/무역의존도	국민경제가 가계, 기업, 정부 이외에 국외부문과의 상호작용에 의해서도 영향을 받게 되는 경제체제를 개방경제체제라고 한다.
대외지급준비자산	대외지급준비자산이란 일반적으로 한 나라의 통화 당국이 국민 경제 또는 통화신용에 커다란 영향을 미치지 않고 언제든지 대외 지급에 충당할 수 있도록 보유하고 있는 준비자산 즉 금, SDR, IMF position 및 보유외화를 말한다.
대체비용리스크	미래 특정일자에 종료될 거래의 상대방이 거래 취소 또는 파산 등으로 결제일 전에 결제를 이행하지 못할 것으로 예상하여 다른 거래로 대체하는 과정에서 발생할 비용리스 크를 의미한다.
대체재	비슷한 만족을 얻을 수 있어 서로 경쟁 관계에 있는 재화 또는 서비스를 말한다.
대출금 출자전환	금융기관이 차주기업에 대한 대출채권을 동 기업의 주식과 교환하는 것으로서 금융기 관의 차주기업에 대한 관계가 채권자에서 주주로 변하게 된다.
대출채권 분할매각	대출채권 유동화 방법의 하나로서, 대출을 취급한 금융기관이 대출채권의 전부 또는 일부를 타인(참가자)에게 매각하는 것을 말한다.
더블딥	경기가 두 번(double) 떨어진다(dip)는 뜻으로, 경기침체가 발생한 후 잠시 경기가 회복되다가 다시 경기침체로 접어드는 연속적인 침체 현상을 의미한다.
도덕적 해이	도덕적 해이는 거래당사자의 한쪽이 상대보다 양질의 정보를 더 많이 가지고 있는 상태(정보의 비대칭성)에서 계약이 이루어진 후에 나타날 수 있는 문제이다.
도드-프랭크법	동 법은 미국에서 2008년의 글로벌 금융위기가 발생한 이후 이러한 위기의 재발을 방지하기 위해 오바마 정부가 제안한 내용을 반영하여 2010년 7월에 제정되었으며 1930년대 대공황기의 금융개혁 이후 가장 광범위한 개혁방안을 담고 있다.
독점/과점	독점(monopoly)은 완전경쟁의 정반대인 시장형태로 어느 기업이 시장의 유일한 공급자로 그 기업이 공급하는 상품에 밀접한 대체재가 존재하지 않는 경우를 말한다.
동남아시아국가연합(ASEAN)	동남아시아의 지역협력기구로서 아세안(ASEAN; Association of South-East Asian Nations)이라고도 부른다.
동남아시아국가연합+한 중 일(ASEAN+3)	한국, 중국, 일본 및 ASEAN 10개국이 합의하여 1999년 출범한 국제회의체이다.
동남아중앙은행기구(SEACEN)	회원 간 정보 및 의견교환, 공동 관심분야에 대한 조사연구 및 연수활동을 주요 기능으로 하는 동남아 중앙은행들의 협력체로서 1966년 2월 동남아 7개국 주도로 출범하였다.
동아시아 외환위기	1997년 태국을 시작으로 인도네시아, 말레이시아, 필리핀, 한국 등 동아시아 국가들에서 발생한 외환위기를 말한다.
동아시아 태평양중앙은행기구(EMEAP)	EMEAP(Executives' Meeting of East Asia and Pacific Central Banks)는 동아시아, 태평양 지역 내 중앙은행 간의 협력을 증진하고 회원국의 금융 경제에 관한 정보교환을 위해 1991년 설립된 중앙은행간 협력체이다.
동일인 신용공여한도제(동일인 여신한도제)	특정인에 대한 금융기관의 여신 편중을 억제하기 위한 규제로 우리나라의 경우 은행법에 관련 내용이 규정되어 있다.
동일인/특수관계인	은행법상 각종 규제 적용에 있어 1인으로 보는 범위를 말한다. 동일인이란 본인 및 본인과 특수관계에 있는 자(특수관계인)를 말한다. 특수관계인의 범위는 일정 범위의 친족, 지분 보유, 고용, 의결권의 공동 행사 등을 요소로 하여 정해지며, 구체적인 내용은 은행법 시행령 제1조의 4에 규정되어 있다. 동행종합지수
동태적 대손충당금 제도	발생주의 대손충당금 회계기준(incurred-loss model)은 원리금 연체 등 신용손실이 객관 적으로 입증되는 경우에만 은행 대출에 대한 대손충당금을 적립하도록 하였다.
동행종합지수	개별 경제지표로는 파악하기 어려운 국민경제의 총체적인 경기수준을 파악하기 위하여 경기종합지수를 작성한다.
듀레이션	듀레이션(duration)이란 채권에서 발생하는 현금흐름의 가중평균만기로 투자자금의 평균회수기간을 의미한다.
등록발행	등록발행이란 채권을 실물발행(physical issue) 하지 않고 한국예탁결제원 등 등록기 관이 관리하는 채권등록부에 채권자의 성명, 주소, 채권금액 등 권리내역을 등록(book-entry)함으로써 증서의 점유 없이도 채권자의 법적 권리를 보장하는 것을 말한다.
디레버리징	디레버리징(deleveraging)은 부채를 축소하는 것을 말한다.
디스인플레이션	물가수준이 지속적으로 높아지고 있으나 물가상승률은 둔화되는 현상을 말한다.
디커플링/커플링	디커플링(decoupling)이란 탈동조화라고 번역할 수 있는데, 어떤 나라나 지역의 경제가 인접한 다른 국가나 전반적인 세계 경제의 흐름과는 다른 모습을 보이는 현상을 말한다.
디플레이션	디플레이션(deflation) 하에서는 물가상 승률이 마이너스로 하락하는 인플레이션이 나타난다.
래퍼곡선	미국의 경제학자 래퍼(A. Laffer)가 제시한 조세수입과 세율 간의 관계를 나타낸 곡선을 말한다.
레그테크	레그테크(RT; RegTech, Regulatory Technology)는 금융업 등 산업 전반에 걸쳐 혁신 정보기술(IT)과 규제를 결합하여 규제관련 요구사항 및 절차를 향상시키는 기술 또는 회사를 뜻한다.
레버리지 효과	안정성을 추구하는 저축과 달리 투자에서는 종종 레버리지 효과(leverage effect) 가 발생한다.
레버리지비율	레버리지비율은 ‘기본자본(Tier 1) / 총익스포저(난외자산 포함) × 100’으로 정의된다.
로렌츠곡선	1905년 미국의 통계학자인 로렌츠(M. Lorenz)가 소득의 불평등 정도를 측정하기 위해 제안한 것으로, 인구의 누적비율을 가로축에 소득의 누적점유율을 세로축에 놓고 이들의 관계를 그림으로 표시한 곡선을 말한다.
로보어드바이저	로보어드바이저(robo-advisor)는 로봇(robot)과 자문가(advisor)의 합성어이다.
리디노미네이션	리디노미네이션(redenomination) 또는 ‘화폐단위 변경’이란 구매력이 다른 새로운 화폐단위를 만들어 현재의 화폐단위로 표시된 가격, 증권의 액면가, 예금 채권 채무 등 일체의 금액을 법정비율(교환비율)에 따라 일률적으로 조정하여 새로운 화폐단위로 표기 및 호칭하는 것을 의미한다.
마샬의 k	마샬의 k(Marshallian k)는 경제 전체의 명목소득 대비 통화량 보유 비율을 의미한다.
마스트리히트조약	EC(유럽공동체)가 시장 통합을 넘어 정치 경제적 통합체로 결합하는 토대가 된 조약이다.
마이크로 크레디트	마이크로 크레디트(microcredit)란 은행 같은 전통적인 금융기관으로부터 금융서비스 를 받을 수 없는 빈곤계층에 소액의 대출과 여타의 지원 활동을 제공함으로써 이들이 빈곤에서 벗어날 수 있도록 돕는 소액대출사업을 말한다.
마찰적 실업	마찰적 실업 또는 탐색적 실업이란 새로운 일자리를 탐색하거나 이직을 하는 과정에서 일시적으로 발생하는 실업을 의미한다.
만기수익률	현실적으로 다양한 종류의 채권이 발행되고 있으나 일정한 시기마다, 예컨대 3개월마다, 이자를 지급하는 이표채(coupon bond)가 가장 보편적인 것이라고 할 수 있겠다.
매매보호 서비스(escrow)	판매자와 구매자 사이의 신용관계가 불확실한 전자상거래 시 신뢰할 수 있는 중립적인 제삼자가 중개역할을 하여 상거래가 원활히 이루어질 수 있도록 하는 서비스를 말한다.
매몰비용	기회비용은 어떤 것을 선택할 때 포기하여야 하는 비용을 말하지만, 매몰비용(sunk cost)은 무엇을 선택하는가에 상관없이 지급할 수밖에 없는 비용이다.
매입외환/환가료	매입외환은 외국환은행이 고객의 요청에 따라 매입한 외국통화로 표시된 수출환어음, 외화표시 내국신용장어음, 외화수표, 약속어음 등의 자산을 말한다.
매출액영업이익률	기업의 주된 영업활동의 효율성을 측정하는 지표로 제조 및 판매활동에 의해 창출된 영업손익을 매출액으로 나누어 산출한다.
머니마켓펀드(MMF)	머니마켓펀드(MMF; Money Market Fund)는 고객의 일시적인 여유자금을 금리위험과 신용위험이 적은 국공채, 어음 등에 운용하고 동 운용에서 발생하는 수익을 배당하는 펀드의 일종으로써 대표적인 단기금융상품이다.
명목GDP목표제	명목GDP목표제란 명목GDP가 사전에 정한 목표수준을 따라가는 것을 목표로 하는 통화정책 운영체제이다.
명목국내총생산/실질국내총생산	명목국내총생산(Nominal GDP)은 한 나라 안에서 생산된 최종생산물의 가치를 그 생산물이 생산된 기간의 가격을 적용하여 계산한 것으로 경상GDP(GDP valued at current prices)라고도 불린다.
명목금리/실질금리	금리는 돈의 가치 즉 물가변동을 고려하느냐의 여부를 기준으로 명목금리와 실질금리 로 구분할 수 있다.
명목소득/실질소득	명목소득(Nominal income)은 대상 경제주체의 소득이 발생할 당시의 통화금액으로 측정된 소득을 말하여, 실질소득(Real income)은 통화가치의 변동을 감안하여 명목소득 을 기준시점에 맞춰 조정한 것을 말한다.
모기지대출	모기지대출(mortgage loan)은 은행이 대출 실행 시 담보물인 주택 등 부동산에 주택저당채권(mortgage)을 설정하고 이를 근거로 하는 증권을 발행, 유통시켜 대출자금을 회수하는 것을 말한다.
모바일뱅킹	모바일뱅킹 서비스는 고객이 휴대전화 등 모바일기기를 수단으로 무선인터넷을 통하여 금융기관에 접속하여 이용할 수 있는 금융서비스이다.
모집	자본시장에서 불특정 다수로부터 동일한 조건으로 유가증권 취득의 청약을 권유하는 것을 말한다.
무디스	1909년 출판업자인 미국의 John Moody가 창업하였으며 1909년 채권신용 평가업무를 개시하였다.
무역지수	일반적으로 거래금액의 변동은 가격이 변하거나 물량이 변하거나 또는 가격과 물량이 동시에 변하기 때문이다.
물가안정목표제	물가안정목표제(inflation targeting)란 중앙은행이 명시적인 중간목표(intermediate target) 없이 일정기간 동안 또는 중장기적으로 달성해야 할 물가상승률 목표치를 미리 제시하고 이에 맞추어 통화정책을 운영하는 방식이다.
물가지수	시장에서 거래되는 여러 가지 상품과 서비스의 가격을 경제생활에서 차지하는 중요도 를 고려하여 평균한 종합적인 가격수준을 물가라고 하는데, 이 같은 물가의 변화를 한눈에 알아볼 수 있도록 기준연도의 물가수준을 100으로 놓고 비교되는 다른 시점의 물가를 지수의 형태로 나타낸 것을 말한다.
뮤추얼펀드	투자자들이 자금을 모아 투자 회사를 설립해 주식이나 채권 파생상품 등에 투자한 후 그 운용수익을 투자자 즉 주주들에게 배당금의 형태로 나누어주는 투자신탁의 하나이 다.
미달러화 지수	미달러화 지수(US dollar Index)는 주요국 통화 대비 미 달러화의 평균적인 가치를 나타내는 지표이다.
미달러화페그제도	페그제도란 자국통화를 외국의 단일통화나 복수의 통화바스켓에 연동시켜 고정환율을 유지하는 제도이다.
미발행화폐	미발행화폐란 한국은행이 보유하고 있는 은행권과 주화 중 사용하기에 적합하지 아니하여 폐기(잘게 썰거나, 분쇄 또는 녹이는 등의 방법으로 소각)하기로 결정한 화폐를 제외한 모든 은행권과 주화를 말한다.
바이오인증	바이오인증(Biometric Authentication, biometrics)은 개인을 식별하거나 인증하기 위해 각 개인마다 구별해서 측정할 수 있는 고유 생체정보를 자동화된 장치로 추출하여 보관하고 인증하는 기술이다.
바젤은행감독위원회/바젤위원회(BCBS)	1974년 독일의 헤르슈타트 은행(Bankhaus Herstatt)의 도산이 국제외환시장 및 은행 시스템에 심각한 영향을 미치면서 글로벌 은행감독기준 마련을 위한 공조 필요성이 발행시장 대두되었다.
발행시장	발행시장(primary market)이란 주식이나 채권 등의 유가증권을 신규로 발행하는 시장을 말한다.
발행중지화폐/유통정지화폐	발행중지화폐는 발권기관인 한국은행이 화폐의 원활한 유통 등을 위해 발행을 중지하기로 한 화폐이다.
방카슈랑스	방카슈랑스(Bancassurance)라는 말은 유럽에서 만들어지고 발전된 개념으로 은행을 의미하는 프랑스어 Banque와 보험을 의미하는 Assurance의 합성어이다.
배당할인모형	배당할인모형(dividend discount model)은 주식투자에 따라 발생하는 미래의 현금흐 름을 적절한 할인율을 적용하여 현재가치로 전환함으로써 주식의 현재가치를 평가하는 모형이다.
밴드웨건효과	소비자가 대중적으로 유행하는 정보를 쫓아 상품을 구매하는 현상을 말한다.
뱅크런	금융시장 상황이 불안하거나 은행의 경영 및 건전성 등에 문제가 발생하면 예금자들은 은행에 맡긴 돈을 보장받을 수 없을 것이라는 불안감에 저축한 돈을 인출하게 되고 은행은 지급할 수 있는 자금이 부족하게 되어 패닉 상태에 빠질 수 있다.
범위의 경제	한 기업이 여러 제품을 같이 생산할 경우가 개별 기업이 한 종류의 제품만을 생산하는 경우보다 평균 생산비용이 적게 들 때 범위의 경제(economies of scope)가 존재한다고 말한다.
법률리스크	각종 법률 위반이나 법률 제정 개정 등에 대한 인식 부족, 부적절하거나 부정확한 법률 자문 및 서류 작성, 미흡한 법률체계 또는 법적 불확실성 등으로 인해 발생하는 리스크를 말한다. 특히 자국 이외의 국가에서 경영활동을 할 때 현지국가의 법률이나 법률체계를 정확히 알지 못해 동 리스크에 직면할 가능성이 커진다. 변동금리부채권(FRN)
베블런효과	가격이 상승하면 수요량이 감소하는 수요의 법칙에 반하는 재화를 베블런재라 부른다. 사치재 또는 명품 등이 이에 해당하는데 이러한 재화는 가격이 비쌀수록 소비가 증가하는 경향이 있다. 이러한 과시 욕구를 반영한 소비현상을 베블런효과(Veblen's effect) 라고 부른다. 베블런은 이러한 현상을 처음으로 관찰한 학자의 이름이다.
변동금리	변동금리란 시장금리를 반영하여 일정 주기별로 약정금리가 변하는 금리를 의미하며 고정금리란 최초 약정한 금리가 만기 때까지 그대로 유지되는 금리를 의미한다.
변동금리부채권(FRN)	채권은 지급이자 변동 여부에 따라 고정금리부채권과 변동금리부채권(FRN; Floating Rate Note)으로 구분된다.
보기화폐(견양화폐)	보기화폐는 은행권 및 주화의 모양, 크기, 손상 정도, 위·변조 판단, 전시 및 연구실험 등을 위해 별도 제조하거나 사용중인 화폐에서 채취한 화폐를 말한다.
보완자본(Tier 2)	보완자본은 요건을 충족하는 보완자본증권 및 이와 관련된 자본잉여금, 자회사가 발행한 보완자본증권의 일부 제3자 보유분, 특정 요건을 충족하는 대손충당금 등으로 구성된다.
보완재	두 가지 이상의 재화가 함께 사용됨으로써 효용을 얻을 수 있는 재화로, 한 재화의 가격이 하락함에 따라 다른 한 재화의 수요가 증가하는 관계에 있는 재화를 말한다.
보통주자본(Common Equity Tier 1)	보통주자본(CET1; Common Equity Tier 1)은 보통주, 자본잉여금, 이익잉여금, 기타포괄손익누계액 등으로 구성된다.
보호무역주의	주된 수단으로는 수입금지나 수입할당과 같은 직접적인 방법과 수입상품에 부과하는 관세율 인상과 같은 간접적인 방법 이외에도 덤핑 규제, 보조금 지급, 지적재산권 보호 강화, 환율조작 등 기타 다양한 정부의 규제 등이 있다.
복수통화바스켓제도	복수통화바스켓제도란 자국과 교역비중이 큰 복수국가의 통화를 선택하여 통화군(basket)을 구성하고 동 basket을 구성하는 통화들의 가치가 변동할 경우 각 통화별 교역가중치에 따라 자국통화의 환율에 반영하는 환율 제도를 말한다.
본원소득	국민순소득(NNI; Net National Income)이라고도 한다.
본원소득수지	본원소득수지는 급료 및 임금과 투자소득으로 구분된다. 급료 및 임금은 외국인 근로자 에게 지급되거나 내국인 해외근로자가 수취하는 금액의 차이를 의미한다. 투자소득은 대외 금융자산과 부채의 보유에 의해 발생하는 배당금과 이자 등의 수입과 지급의 차이를 말하는데, 투자 형태에 따라 직접투자소득, 증권투자소득, 기타투자소득으로 세분된다.
본원통화	통화는 일차적으로 중앙은행의 창구를 통하여 공급되는데, 이를 통화량의 원천이 되는 통화라 하여 본원통화(RB; Reserve Base)라고 한다.
볼커룰	2010년 7월 미국 의회가 제정한 금융개혁법(Dodd-Frank Wall Street Reform and Consumer Protection Act) 의 제 619조로 이 법의 핵심이자 가장 큰 논란을 불러왔던 조항이다.
부가가치	부가가치(value added)는 일정 기간 동안에 경제활동주체가 생산활동에 참여하여 새로 이 창출한 가치를 말하는데, 총산출에서 중간투입(소비)을 차감하여 구할 수 있다.
부가가치기준 무역(TiVA)	부가가치기준 무역(TiVA; Trade in Value Added)은 새로운 무역통계 지표로서 최근 글로벌 생산네트워크의 확산으로 교역 총액에서 중간재가 차지하는 비중이 증가하면서 국제사회에서 관심이 증대되고 있다.
부가가치유발계수/부가가치계수	소비, 투자, 수출 등 최종수요의 발생이 국내생산을 유발하고 생산 활동에 의해서 부가가치가 창출되므로 최종수요의 발생은 부가가치 창출의 원천이 된다.
부동화/무권화	증권의 부동화(immobilization)란 실물증권을 중앙예탁기관에 집중 보관하여 매매거 래 또는 담보거래 등에 따른 증권의 권리이전을 계좌대체 방식으로 처리함으로써 증권의 실물인도의 필요성을 제거하는 것을 말한다.
부실채권정리기금	금융회사 부실자산 등의 효율적 처리 및 한국자산관리공사의 설립에 관한 법률 ('97.8.22일 제정) 제38조에 의거 금융기관이 보유하고 있는 부실채권의 효율적인 정리를 위하여 한국자산관리공사에 한시적(5년)으로 설치 운용하였다. 2013.2.22일자로 종료되었다.
부채담보부증권(CDO)	그리 고 발행목적에 따라 주로 은행 등의 금융기관이 대차대조표 상에서 위험자산을 제거하기 북미자유무역협정(NAFTA) 위하여 발행하는 Balance Sheet CDO와 고수익의 원자산인 대출금, 회사채 등과 선, 후순위 채권간의 이자차익을 얻기 위해 발행하는 Arbitrage CDO 등이 있다.
부채비율	부채를 자기자본으로 나눈 비율로 타인자본(부채)과 자기자본간의 관계를 나타내는 대표적인 안전성 지표이다.
북미자유무역협정(NAFTA)	미국 캐나다 멕시코 등 북미 3개국 간의 자유무역을 추진하기 위해 체결된 협정으로 서 1994년 1월 1일 공식 발효되었다.
분리결제	분리결제(free of payment)는 증권결제에서 증권인도와 대금지급이 동시에 이루어지지 않고 개별적으로 이루어지는 방식이다.
분산원장기술	분산원장기술(DLT; Distributed Ledger Technology)은 거래정보가 기록된 원장을 특정 기관의 중앙 서버가 아닌 공유(P2P; Peer-to-Peer) 네트워크에 분산하여 참가자가 공동으로 기록 관리하는 기술이다.
분수효과	분수효과(trickle-up effect, fountain effect)란 정부가 경제정책으로 저소득층과 중산 층의 소득을 먼저 늘려주면 이들의 소비 확대가 생산과 투자로 이어지면서 전체 경제활동 이 되살아나고 이로 인해 고소득층의 소득도 늘어날 수 있다는 주장이다.
불완전경쟁시장	시장에 의한 가격결정에 어떠한 영향도 미칠 수 없는 상태를 완전경쟁이라 한다.
불태화정책	수출입거래나 국경 간 자본유출입거래는 국내은행을 통해 국내통화로 전환되며 이에 따라 국내통화량이 변동하게 된다.
브레튼우즈체제	1944년 7월 미국의 뉴햄프셔주 브레튼우즈에서 44개 연합국 대표들이 새로운 국제통화제도 구축을 위해 체결한 협정에 따라 발족한 국제통화체제를 말한다.
브렉시트(Brexit)	영국(Britain)과 탈퇴(Exit)의 합성어로 영국의 유럽연합(EU) 탈퇴를 뜻한다.
브릭스	2000년대를 전후하여 빠른 경제성장세를 보인 브라질, 러시아, 인도, 중국, 남아프리카 공화국 등 5개국을 지칭하는 용어이다.
블록체인	블록체인(block chain)은 ① 일정 시간 동안 발생한 모든 거래정보를 블록(block) 단위로 기록하여 ② 모든 구성원들에게 전송하고 ③ 블록의 유효성이 확보될 경우 이 새 블록을 ④ 기존의 블록에 추가 연결(chain)하여 보관하는 방식의 알고리즘이다.
블록체인과 탈중앙화	블록체인은 공유 네트워크를 통해 데이터를 저장함으로써 데이터의 중앙 집중 보관에 따르는 리스크를 제거한다.
비관측경제(NOE)	비관측경제(NOE; Non-observed Economy)란 합법적이건 불법적이건 모든 경제적 거래에서 발생한 소득을 포함해야 하는 국내총생산(GDP)의 추계시 이용되는 기초자료와 행정자료가 지하경제나 불법생산 등을 반영하기가 어려워 누락된 경제활동을 의미한 다.
비교우위	국가 간 무역이 발생하게 되는 원리를 설명한 이론으로 자국 상품의 생산비용이 외국 상품과 비교해 우위를 가질 경우 이러한 상품, 즉 비교우위를 가진 상품의 생산에 특화하여 다른 국가와 무역을 하는 것이 유리하다는 것이다.
비용인상 인플레이션	재화나 서비스의 생산과 관련하여 투입요소의 비용 상승에 의해 물가가 지속적으로 상승하게 되는 것을 비용인상 인플레이션(cost-push inflation)이라고 한다.
비트코인	비트코인(bitcoin)은 가상통화(암호통화)이자 디지털 지급시스템이다.
빅데이터	빅데이터(big data)란 복잡하고 다양한 대규모 데이터세트 자체는 물론 이 데이터세트로부터 정보를 추출하고 결과를 분석하여 더 큰 가치를 창출하는 기술을 뜻한다.
빅맥지수	빅맥(Big Mac)지수는 각국 통화의 구매력 정도 또는 환율 수준을 측정하기 위해 일물일가의 법칙을 햄버거 가격에 적용한 것으로 영국에서 발행되는 주간 경제전문지 이코노미스트지(The Economist)에서 1986년 이래 매년 전 세계적으로 판매되고 있는 맥도날드의 빅맥가격을 비교 분석해서 발표하고 있다.
사이버리스크	정보통신기술의 발달로 기업경영활동에서 디지털화가 가속화되고 상호 연결이 확대되어 감에 따라 전자상거래나 정보통신기술을 이용하여 이루어지는 활동 중 사이버 상에서 발생하는 예기치 못한 사고로 인해 기업이 부담하게 될 유·무형의 비용이 증가하는 위험을 말한다.
사전담보제	사전담보제(collateral requirements)는 지급결제시스템의 참가자로 하여금 시스템 전체에 대한 순채무를 결제하기에 충분한 담보를 사전에 제공토록 하여 결제불이행이 실제로 발생하였을 때 결제불이행 기관의 담보를 처분하여 결제의 종료를 보장하는 방법이다.
사전적 정책방향 제시(forward guidance)	사전적 정책방향 제시는 향후 통화정책 방향에 대해 중앙은행이 명시적으로 시그널을 전달하는 것으로 새로운 정책은 아니다.
4차 산업혁명	4차 산업혁명(4IR; Fourth Industrial Revolution)은 18세기 초 산업혁명 이후 진행되어 온 4차 주요 산업시대로서, 2010년대부터 물리적, 디지털 및 생물학적 세계가 융합되어 모든 학문 경제 산업 등에 전반적으로 충격을 주게 된 새로운 기술영역의 등장을 뜻한다.
사회보장제도	사회보장제도는 사회 불평등 현상을 해결하기 위해 도입된 것으로 개인이 어떠한 불행을 당하더라도 국가가 최소한의 인간다운 생활을 보장할 수 있도록 하는 제도이며 사회보험과 공공부조, 사회복지서비스가 대표적이다.
사회보험	사회보험(social insurance)이란 국민에게 발생 가능한 각종 사회적 위험에 보험방식을 통해 대처함으로써 국민의 생활, 건강, 소득 등을 보장하려는 제도를 가리킨다.
산업연관표(I/O Tables)	일정기간(보통1년) 동안 국민경제 내에서 발생하는 재화와 서비스의 생산 및 처분과 관련된 모든 거래내역을 일정한 원칙과 형식에 따라 기록한 종합적인 통계표이다.
삼불원칙	환율제도는 고정환율제도와 자유변동환율제도를 양 극단으로 하여 이를 절충하는 다양한 형태로 분류할 수 있다.
상계관세	상계관세(countervailing duties)는 수출국이 수출기업에 보조금이나 장려금을 지급하여 지나치게 낮은 가격을 책정할 경우 수입국이 이로 인한 경쟁력 저하를 상쇄하기 위해 부과하는 것을 말한다.
상대적 빈곤율	상대적 빈곤율은 세금과 이전소득을 모두 감안한 처분가능소득이 중위소득(소득이 많은 순서대로 세웠을 때 정확히 중간인 사람의 소득)의 50%를 밑도는 계층이 전체 인구에서 차지하는 비율을 말한다.
상시감시제도/상시감시전담데스크	상시감시는 감독당국이 평상 시 은행의 영업실적 및 재무상태에 관한 보고서를 징구, 분석하는 등 전반적인 은행의 경영상황을 파악하기 위한 감독수단의 하나이다.
상장지수펀드(ETF)	주식, 채권, 통화, 원자재 등의 가격지수를 추종하는 것이 목표인 인덱스펀드의 지분을 거래소에 상장하여 일반주식처럼 거래토록 한 금융상품이다.
상품공동기금(CFC)	1989년 7월 설립된 상품공동기금(CFC; Common Fund for Commodities)은 1차산품의 수급 안정을 위한 국제협력 증진과 국제상품협정 체결 촉진 및 기능 활성화를 목적으로 하고 있다.
상품수지	거주자와 비거주자 간의 상품 수출입 거래를 계상한 것으로, 경상수지의 한 부분이다.
생산세	현재 국민계정 작성기준인 국민계정체계(SNA)에서는 조세를 크게 종전 간접세에 해당하는 생산세(taxes on production)와 소득 부 등에 대한 경상세, 자본세로 분류하고 있다.
생산유발효과	한 나라에서 각 산업의 생산활동은 소비, 투자, 수출 등 최종수요의 크기에 따라 결정되는데, 최종수요의 변화가 생산에 미치는 영향을 생산유발효과라 한다.
생산자물가지수(PPI)	국내시장의 제1차 거래단계에서 기업 상호 간에 거래되는 상품과 서비스의 평균적인 가격변동을 측정하기 위하여 작성되는 물가지수로서 그 대상품목의 포괄범위가 넓어 전반적인 상품과 서비스의 수급 동향이 반영된 일반적인 물가수준의 변동을 측정할 수 있기 때문에 일반목적지수로서의 성격을 갖는다.
생산자제품재고지수	현실 경제에서는 경기의 좋고 나쁨에 따라 재고의 증가 또는 감소 현상이 필연적으로 나타나게 마련이다.
생산자제품출하지수/생산자출하지수	생산자제품출하지수는 생산자의 판매활동과 광업, 제조업, 전기 가스업 및 수도사업 제품의 출하 동향을 나타내는 지표이다.
생활물가지수	생활물가지수(CPI for living necessaries)는 체감물가를 파악하기 위해 일상생활에서 구입 빈도가 높고 지출비중이 높아 가격변동을 민감하게 느끼는 생활필수품을 대상으로 작성한 소비자물가지수의 보조지표이다.
서비스수지	국제수지표에서 서비스수지란 외국과의 서비스거래 결과 벌어들인 돈과 지급한 돈의 차이를 말한다.
서킷브레이커	과열된 전기회로를 차단하는 안전장치에서 유래된 용어로 주식시장에서 주가의 급등락 시 주식거래를 일시 정지시켜 시장에 미치는 충격을 완화하기 위해 도입된 제도이다.
선물거래	선물거래(futures transactions)란 공인된 거래소에서 품질, 규격 등이 표준화된 상품의 매매계약을 체결하고 일정 기간이 경과한 후에 상품의 인수도와 결제가 이루어지는 거래로서 매매계약의 성립과 동시에 상품의 인수도와 결제가 이루어지는 현물거래와 구분된다.
선물환거래	선물환거래란 계약일로부터 통상 2영업일 경과 후 특정일에 외환의 인수도와 결제가 이루어지는 거래를 말한다.
선불카드/선불전자지급수단	선불형카드는 이용고객이 전자적 또는 자기적 방법으로 일정금액을 저장한 카드를 카드발행자로부터 구입하여 상품구매 또는 서비스 이용 시마다 대금이 자동으로 차감 지급되도록 한 카드로서 사용범위에 따라 범용 선불형카드와 단일목적 선불형카드로 구분된다.
선행종합지수	개별 경제지표로는 파악하기 어려운 국민경제의 총체적인 경기수준을 파악하기 위하여 경기종합지수를 작성한다.
성장기여도	성장기여도는 특정 경제부문(예: 산업 X)이 전체 경제성장(예: ΣX, 산업 X, … 1 n 1 산업 X,)에 어느 정도 기여했는가를 보여주는 지표로 구체적으로는 아래 산식에 의해서 n 산출된다.
세계경제포럼(다보스포럼)	저명한 기업인, 경제학자, 언론인, 정치인들이 모여 세계 경제를 개선하기 위한 과제를 토론하고 연구하는 회의체이다.
세계무역기구(WTO)	국제무역 확대, 회원국간의 통상분쟁 해결, 세계교역 및 새로운 통상 논점에 관한 연구를 위하여 설립된 국제기구로서 본부는 스위스 제네바에 있다.
세계은행(World Bank)	세계은행그룹(World Bank Group)을 구성하는 기구 중에서 국제부흥개발은행(IBRD) 과 국제개발협회(IDA)를 합쳐서 부르는 명칭이다.
소득5분위배율	소득분배의 불평등도를 나타내는 지표의 하나로 전체 가구를 소득수준의 순서에 따라 20%씩 5등분으로 나눈 다음, 소득 상위 20%(5분위) 계층의 평균소득을 소득 하위 20%(1분위) 계층의 평균소득으로 나눈 값이다. 소득 5분위 배율 값이 커질수록 고소득층과 저소득층 간의 소득분배가 악화하였음을 의미한다.
소득교역조건/소득교역조건지수	소득교역조건지수는 순상품교역조건에 수출물량지수를 곱하여 {(수출단가지수/수입단가지수)×수출물량지수} 산출하는 것으로서 수출 금액으로 수입을 늘릴 수 있는 능력을 측정하는 지표이다. 소득교역조건지수가 상승하였다면 금기의 수출총액으로 수입할 수 있는 능력(수량)이 좋아졌다는 것을 의미한다.
소득주도성장	소득주도성장(income-led growth)을 주장하는 학자들은 소득분배를 간과해 온 기존의 경제모델을 비판하면서 소득의 형평성이 경제의 성장과 안정성에 긴요하다는 점을 중시한다.
소비의 비가역성	소비행태를 설명하는 상대소득가설은 소비가 현재소득 이외에도 과거의 최고 소득수준 또는 타인의 소비수준과 같은 상대적인 요인에 의해서도 영향을 받을 수 있다는 가능성을 고려한다.
소비자동향지수(CSI)	소비자의 경기나 생활형편 등에 대한 주관적인 판단과 전망, 미래의 소비지출계획 등을 설문조사를 통해 지수화한 것으로, 기업들의 경제를 보는 시각이 반영된 기업경기실사지수(BSI; Business Survey Index)와 함께 대표적인 경제심리지수 중 하나이다.
소비자물가지수(CPI)	일반 가구가 소비생활을 유지하기 위하여 구입하는 각종 상품과 서비스의 가격변동을 종합적으로 파악하기 위하여 작성되는 물가지표이다.
소비자심리지수	소비자를 대상으로 경기에 대한 판단이나 전망 등을 조사하여 지수화한 경제심리지표를 말한다.
소액결제시스템	소액결제시스템(retail payment system)은 주로 기업이나 개인의 소액거래를 처리하는 자금결제시스템으로서 주로 계좌이체나 지급카드, 수표, 지로 등과 관련된 결제가 소액결제시스템으로 처리된다.
속물효과(스놉효과)	개성을 추구하는 사람들은 단지 다른 사람들이 많이 구입한다는 이유만으로 특정 물품을 구입하지 않거나 심지어 자신의 옷과 똑같은 옷을 입은 사람을 보면 그 옷을 더 이상 입지 않는다.
수요견인 인플레이션	수요견인 인플레이션(demand-pull inflation)이란 경기과열 등으로 인해 개인들의 재화나 서비스에 대한 수요가 크게 늘면서 상대적으로 부족해진 재화 및 서비스의 물가가 지속적으로 상승하게 되는 것을 말한다.
수요탄력성	상품의 가격 변화비율에 대한 수요량의 변화비율을 수요의 가격탄력성(price elasticity of demand)이라 한다.
수입유발계수	최종수요가 한 단위 증가할 때 각 산업부문에서 직 간접으로 유발되는 수입액 단위를 말하는 것으로 형태에 따라 산업별 수입유발계수와 최종수요항목별 수입유발계수로 나뉜다. 산업별 수입유발계수는 수입투입계수표에 생산유발계수표를 곱하여 구하고 최종수요 항목별 수입유발계수는 소비, 투자, 수출 등 항목별 최종수요에 의한 수입유발액을 최종수요액으로 나누어 산출한다.
수입징수관/지출관	국고금의 수입과 지출은 일정한 요식행위인 국가기관의 명령행위에 의하여 이루어지는데, 이러한 국고금의 수입과 지출행위를 결정(명령)하는 국가회계기관은 국고금의 종류에 따라 다양하나 크게 수입을 담당하는 수입징수관과 지출을 담당하는 지출관으로 구분한다.
수출경합도지수	특정 국가(Z)에 상품을 수출하는 두 국가(X와 Y)의 수출구조가 비슷할수록 경쟁도가 커진다는 가정 하에서 이들 국가가 Z국 시장에서 직면하는 경쟁의 정도를 측정하는 지표이다.
수출보험	상품수출 시 수출업자가 수입업자의 신용위험, 수입국의 정치상황 등으로 수출대금을 회수하지 못할 위험으로부터 수출업자를 보호하기 위한 보험이다.
수출입물가지수	2022년 7 월 기준으로 조사대상품목이 수출물가지수는 212개, 수입물가지수는 234개이며, 조사되는 가격기준은 수출 FOB, 수입 CIF를 원칙으로 하고 있다.
수출입물량지수	무역지수 중 수출입물량의 변동을 나타내 주는 것으로 수출입금액지수를 수출입물가지수로 나누어 사후적으로 산출되는데 이러한 방식으로 산출되는 것은 수출입금액이 단가 요인과 물량요인의 합과 일치한다는 점에서 타당성을 가진다고 할 수 있다.
수쿠크	수쿠크(sukuk)란 샤리아(Sharia) 율법을 지키기 위해 투자자들에게 이자수익 대신 배당금 혹은 리스료 형태로 수익을 배분하는 채권을 말한다.
수확체감의 법칙	어떤 생산물을 만드는 데 필요한 자본 노동 토지 등의 생산요소 가운데 자본과 토지는 일정하게 유지하고 노동의 투입량을 증가시킬 경우, 생산물 전체는 증가하지만 추가로 투입되는 노동량 1단위당 생산물의 증가는 차차 감소한다는 법칙이다.
순상품교역조건	순상품교역조건이란 수출 1단위로 수입할 수 있는 상품의 수량을 나타내며, 무역지수 통계에서 작성된 수출가격지수를 수입가격지수로 나누어 산출한다.
순안정자금조달비율	2008년 글로벌 금융위기 시 신용경색으로 금융시장 기능이 마비되면서 자금조달이나 만기연장이 어려워짐에 따라 많은 은행들이 만기불일치 등에 따른 유동성 위기를 경험하였고 이는 금융시스템 전체의 유동성 경색을 유발하였다.
순이자마진(NIM)	은행의 모든 금리부자산의 운용결과로 발생한 은행의 운용자금 한 단위당 이자순수익(운용수익률)을 나타내는 개념이다. 이는 이자자산순수익(이자수익자산 운용수익 이자비용부채 조달비용)을 이자수익자산의 평잔으로 나누어 계산하는 은행의 핵심 수익성 지표이다.
순이체한도제	순이체한도제(net debit caps)는 금융결제원의 차액결제시스템에 참가하고 있는 각 참가기관으로 하여금 여타 참가기관과의 CD, 타행환 거래 등에서 발생하는 순이체액(지급지시송신액 - 지급지시수신액)에 대하여 그 상한을 설정토록 함으로써 결제불이행 사태의 발생 가능성 및 불이행 규모를 최소화하도록 한 제도이다.
숨은 그림(은화)	은행권의 위조방지를 위한 장치의 하나로 은행권용지를 빛에 비췄을 때 여백에 숨겨진 문양이 나타나도록 하는 장치를 말한다.
슈퍼301조	미국의 통상법 301조를 이르는 것으로 이에 따라 관련 당국은 불공정무역 관행에 해당되는 사안을 대상으로 상대국에 대해 시정 요구와 보복 조치를 할 수 있다.
스마트계약	스마트계약(smart contract)은 블록체인을 이용하여 일정 조건이 만족되면 자동으로 거래가 실행되도록 작성된 컴퓨터 프로토콜 또는 코드를 뜻한다.
스무딩오퍼레이션	우리나라는 자유변동환율제도를 채택하고 있어서 환율이 원칙적으로 외환시장에서 자율적으로 결정되도록 하고 있으나, 일시적인 수급불균형이나 시장 불안심리 등으로 환율이 급변동하는 경우에 한해 외환당국이 외환시장에 개입하여 환율변동 속도를 조절하게 되는데 이를 스무딩오퍼레이션(smoothing operation)이라 한다.
스왑	거래 쌍방이 미리 정한 계약조건에 따라 현재시점에서 원금, 이자 등을 서로 교환하기로 하고 일정 기간 동안 주기적으로 원금이나 이자지급 등 현금흐름(cash flow)을 서로 교환하는 거래를 말한다.
스왑레이트	외환스왑시장의 가격변수인 스왑레이트(swap rate)는 현물환율 대비 선물환율과 현물환율의 차이(=(선물환율-현물환율)/현물환율)를 연율(%)로 표시한 것으로 이론적으로는 양 통화 간 금리차와 일치(covered interest rate parity)하게 된다.
스태그플레이션	제2차 세계대전 이전까지 경기침체기에는 물가가 하락하고 경기호황기에는 물가가 상승하는 것이 일반적 현상이었다.
스탠더드 & 푸어스	무디스, 피치와 함께 세계 3대 국제신용평가기관으로 불리는 미국의 신용평가회사로서 1860년 Henry Varnum Poor가 설립한 Poor's라는 투자정보서비스 회사와 1916 년 설립된 Standard의 두 회사가 1942년 합병하여 Standard & poor's로 출범하였다.
스톡옵션	스톡옵션(stock option)이란 파생상품의 옵션과 같이 일정한 권리 조건이 충족되면 소유주가 권리를 행사할 수 있는 옵션을 말한다.
스트레스 테스트(위기상황분석)	예외적이지만 발생가능한(extreme but plausible) 위기 상황을 상정하여 개별 금융기 관, 금융부문 및 금융시스템 전체의 취약성과 복원력을 평가하는 기법을 의미한다.
시뇨리지	시뇨리지(seigniorage)란 화폐에 대한 독점적 발권력을 갖는 중앙은행이나 국가가 화폐발행을 통해 획득하는 이득을 의미한다.
시스템 리스크	금융시스템 일부 또는 전부의 장애로 금융 기능이 정상적으로 수행되지 못함에 따라 실물경제에 심각한 부정적 파급효과를 미칠 수 있는 위험을 의미한다.
시스템적으로 중요한 금융기관	규모가 크고 금융시스템 내 상호연계성이 높아 부실화 또는 도산 시 금융시스템에 광범위하고 중대한 영향을 미칠 수 있는 은행, 보험사 및 여타 금융기관을 의미한다.
시장리스크	금융시장의 금리, 주가, 환율 등의 변동으로 은행이 단기매매를 위해 트레이딩계정(trading book)에 보유한 금융상품의 가격이 하락하여 손실이 발생할 가능성을 의미한 다.
시장평균환율제도	우리나라가 1990년 3월 국내 외환시장의 활성화와 자본 및 금융의 국제화를 촉진시키기 위한 환율제도의 단계적 개편방안의 일환으로 도입한 제도로서, 1997년 외환위기 이전까지 시행되었다.
신용경색	금융기관 등에서 돈의 공급이 원활히 이루어지지 않아 어려움을 겪는 현상을 의미한 다.
신용레버리지	신용레버리지란 레버리지효과를 거두기 위해 경제주체가 활용하고 있는 신용의 정도를 의미한다.
신용스프레드	신용스프레드란 특정 채권의 신용위험이 어느 정도인지를 보여주는 지표로서 동일만기 무위험 채권인 국고채 금리와 해당 채권 금리의 차이로 나타난다.
신용연계증권(CLN)	신용연계증권(Credit Linked Notes)은 지급보증계약과 유사한 신용파산스왑(CDS) 을 증권화한 형태이다.
신용위험(신용리스크)	채권 채무관계에서 채무자의 채무불이행, 이행거부 또는 신용도 하락 등으로 인해 손실이 발생할 가능성을 의미한다.
신용창조	신용창조(credit creation)는 일반적으로 은행이 예금과 대출업무를 반복적으로 취급하는 과정에서 예금통화를 만들어내는 현상을 말한다.
신용파생상품	신용파생상품(credit derivative)이란 채권, 대출금 등과 같이 차입자 또는 발행자의 신용에 따라 가치가 변동하는 기초자산(underlying asset)의 신용위험(credit risk) 을 분리하여 이를 다른 거래상대방에게 이전하고 그 대가로 프리미엄(수수료)을 지급하는 금융상품을 말한다.
신용평가제도	넓은 의미에서 신용평가란 자금을 빌리는 차입자, 즉 가계 기업 등의 부채 상환능력이나 신용도를 일정한 등급으로 평가하는 것을 말한다.
신용환산율	BIS 자기자본비율 계산시 난내자산의 경우 익스포저에 거래상대방의 신용위험도에 따른 위험가중치를 곱하여 위험가중자산(risk-weighted assets)을 산출하게 된다.
신 재생에너지	매장량이 한정되어 있는 기존의 화석연료(석유, 석탄, 천연가스 등)와 우라늄을 대체할 수 있는 에너지를 지칭하는 것으로, 새로운 기술을 활용한 에너지 또는 재생 가능한(renewable) 에너지를 포함한다.
신주인수권부사채(BW)	신주인수권부사채(Bond with Warrant)는 채권을 발행한 회사가 주식을 발행할 경우 투자자가 미리 약정된 가격에 일정한 수량의 신주(新株)를 인수할 수 있는 권리인 워런트(Warrant)가 결합된 회사채를 말한다.
신흥시장국채권지수(EMBI+)	미국 유럽 일본 등 신용등급이 높은 국가들이 발행한 채권에 주로 투자하는 펀드를 글로벌채권펀드, BRICs 등 신흥시장 국가들이 발행한 채권에 주로 투자하는 펀드를 신흥시장국채권펀드라고 하는데, 양자 간 투자위험도의 차이 때문에 통상 후자의 금리(투자수익률)는 전자의 금리보다 높다.
실망실업자	구직단념자라고도 하며, 비경제활동인구 중 잠재구직자의 일부분이며 취업 희망과 취업 가능성 기준 외에도 노동시장적 사유로 지난 4주간 구직활동을 하지 않는 자 중 지난 1년 내 구직 경험이 있는 사람을 의미한다.
실물화폐/명목화폐	고유의 사용가치 및 교환가치를 가지고 화폐의 기능을 수행하는 물건을 실물화폐라고 한다.
실업률	고용상황을 파악하고자 할 경우에는 전체 인구보다는 경제적으로 생산활동이 가능한 인구가 더욱 중요한 의미를 가진다.
실업률갭	실업률갭은 노동시장의 여력(slack)을 평가할 수 있는 유용한 지표로, 잠재GDP와 실제GDP의 차이인 GDP갭과 함께 경기수준 또는 경제 전반의 유휴자원을 파악할 때 유용하다.
실질임금	근로자가 노동의 대가로 받는 임금을 현재의 화폐단위로 표시한 것을 명목임금이라고 하는데 이러한 명목임금으로 재화와 서비스를 실제 구입할 수 있는 수량 즉, 구매력을 측정하기 위해 명목임금을 소비자물가지수로 나눈 것을 실질임금이라고 한다. 물가상승률이 명목상승률보다 더 높으면 실질임금은 오히려 줄어들어 실제 구매력은 감소하게 된다.
실효환율	환율은 양 통화 간의 교환비율이기 때문에 주요 교역상대국 통화 전체에 대한 자국 통화 가치의 변동을 파악하는 데에는 부적절한 측면이 있다.
아세안+3 거시경제조사기구(AMRO)	아세안(ASEAN) 10개국, 한국, 중국 및 일본이 치앙마이 이니셔티브 다자화 협정(CMIM; Chiang Mai Initiative Multilateralization)의 효과적인 운영을 지원하기 위하여 2011년에 설립한 기구로서 싱가포르에 본부를 두고 있다.
아시아개발은행(ADB)	아시아 태평양지역의 경제성장 및 경제협력 촉진과 역내 개도국의 경제개발 지원을 목적으로 1966년 8월 설립된 국제금융기구로서 필리핀 마닐라에 본부를 두고 있다.
아시아인프라은행(AIIB)	아시아 국가들의 사회간접자본 구축을 지원하기 위해 설립된 국제금융기구이다.
아시아태평양경제협력체(APEC)	아시아 및 태평양 연안 국가 간의 경제협력을 목표로 설립된 국제기구로서 1989 년 11월 호주 캔버라에서 개최된 제1차 각료회의를 통하여 공식 출범하였다.
애그플레이션	농업이라는 뜻의 Agriculture와 인플레이션(inflation)의 합성어로 농산물 가격의 급격한 상승이 일반 물가의 상승을 일으키는 현상을 말한다.
양도성예금증서(CD)	양도성예금증서(CD; negotiable Certificate of Deposit)는 은행의 정기예금증서에 양도성을 부여한 것이다.
양적완화정책	이러한 양적완화정책은 2001년 3월 일본은행이 제로금 리 하에서 일본은행 당좌예금잔액을 확대하는 정책을 도입하면서 처음으로 사용되었다.
어음관리계좌(CMA)	어음관리계좌(CMA; Cash Management Account)는 고객이 맡긴 자금을 어음이나 우량채권 등에 운용하여 그 수익을 고객에게 돌려주는 대표적인 단기금융상품이다.
어음교환	어음교환이란 다수의 은행이 일정한 시간에 특정 장소에 모여 자행이 수납한 어음(수표 및 제 증서 포함) 중 다른 은행을 지급지로 하는 어음과 다른 은행이 수납한 어음 중 자행을 지급지로 하는 어음을 서로 교환하고, 이에 따른 대금을 결제하는 것을 말하며 어음교환이 이루어지는 장소를 어음교환소라 한다.
업무지속계획	각종 재해나 비상사태의 발생 시에도 조직의 업무나 대고객서비스가 중단 없이 지속될 수 있도록 하거나 업무 중단에 대한 신속한 대응 및 복구를 목표로 하는 일련의 대책을 의미한다.
에너지바우처제도	정부가 특정 요건을 충족하는 국민에게 전기, 도시가스, 지역난방, 등유, LPG, 연탄 등에 대한 일정액의 구매권(바우처)을 제공하고 이들 국민이 바우처를 이용하여 스스로 에너지를 구매하도록 허용하는 제도를 말한다.
엥겔의 법칙	엥겔의 법칙은 독일의 통계학자 엥겔이 벨기에 노동자의 가계조사를 통해 발견하였다.
여신심사 가이드라인	금융감독당국이 특정 분야에 과도하게 자금을 지원하지 않도록 금융기관에게 대출 취급 시 지키도록 권고하는 지침으로, 주택경기 과열 양상과 투기수요가 늘어나면서 가계부채가 급증하는 모습을 보이자 부동산시장에 유입되는 자금의 제한을 통해 투기수요를 잠재우고 가계부채의 증가를 억제하기 위한 취지에서 도입한 것이다.
여신전문금융회사	은행과 같은 예금 수신기능 없이 여신업무만을 수행하는 금융회사를 의미한다.
역모기지론	역모기지론(reverse mortgage loan)은 주택을 소유하고 있으나 자체수입이 부족한 고령자가 보유주택을 담보로 소유자 및 배우자의 사망 시까지 노후생활에 필요한 자금을 연금 형태로 받아 안정된 주거생활을 확보하는 제도이다.
역선택	역선택(adverse selection)이란 정보의 비대칭이 있을 때 즉, 거래의 당사자 중 정보가 한쪽에만 있는 상황에서, 정보가 없는 쪽은 바람직하지 못한 상대방과 거래할 가능성이 큰 것을 의미한다.
역외금융	역외금융(offshore banking)이란 금융기관이 비거주자인 자금공여자로부터 외화자금 을 조달하여 비거주자를 상대로 외화자금을 운영하는 일련의 금융을 말한다.
역외펀드	펀드는 근거법률에 따라 역외펀드(off-shore fund)와 역내펀드(on-shore fund)로 구분되는데 역외펀드는 외국의 법률에 의하여 외국에서 설정, 설립된 것으로 외국펀드라고도 한다.
연방준비제도(FRS)/연방준비은행(FRB)	연방준비제도(FRS; Federal Reserve System)는 1907년 금융공황 후 그 대책으로서 1913년에 제정된 연방준비법(Federal Reserve Act)에 의해서 창설된 미국 특유의 중앙은 행제도이다.
연불수출	무역대금은 약정된 물품이 선적되거나 또는 수입지에 도착하면 결제 받는 것이 일반적이다. 그런데 그 물품대금의 전액 또는 일부를 후불로 지급받는 조건으로 수출하는 경우가 있는데 이를 연불수출이라 한다. 연불수출은 플랜트 등 대규모 시설재의 수출 시에 주로 채택되고 있다. 영업잉여
연쇄가중법	현재 우리나라를 비롯한 주요 선진국의 실질GDP 추계에 이용하는 물량지수 작성방법이다.
연지급수입	수입대금의 전액 또는 일부를 물품 또는 선적서류 영수일로부터 일정 기간이 지난 후에 지급하는 조건의 수입을 말한다. 구매자는 영수한 수입물품을 매각하고 그 대금으로 수입대금을 결제할 수 있으므로 물품대금지급에 대한 부담을 줄일 수 있다.
영업잉여	한 나라 국민이 생산활동에 참여한 결과 발생한 소득은 노동, 자본, 경영 등의 생산요소를 제공한 경제주체에게 나누어진다. 이 중에서 노동을 제공한 대가로 가계에 분배되는 것을 급여 즉 피용자보수라고 하고, 생산활동을 주관한 생산주체의 몫을 영업잉여(operating surplus)라고 한다.
영향력계수	후방연쇄효과 참조 (335쪽)
예금보험제도	예금보험은 금융기관의 예금지급 정지, 파산 등으로 해당 금융기관이 기존 예금자의 예금인출요구에 응할 수 없는 경우 예금보험기관이 당해 금융기관을 대신하여 예금을 지급함으로써 예금자를 보호하고, 대규모 예금인출사태(뱅크런)를 방지하여 금융안정을 유지하도록 하는 공적보험이다.
예대금리차(예대마진)	예대금리차(예대마진)는 자금중개기관인 은행이 자금차입자로부터 수취하는 대출금 리와 예금자에게 지급하는 예금금리간의 격차로서 은행수익의 본질적 원천이 된다.
예대율	예대율이란 예금을 대출의 재원으로 보고 원화예수금(CD 제외) 가운데 원화대출금이 차지하는 비율(원화대출금/원화예수금)을 말한다.
예상손실	예상손실은 현재 시점부터 일정 기간 동안 발생할 것으로 예상되는 손실의 평균금액을 의미하며 일반적으로 자산별로 발생 가능한 손실액에 발생 확률을 곱하여 산출한다.
예약자금이체제도	실시간 총액결제시스템에서는 금융기관의 자금이체 지급지시가 접수되는 즉시 처리되는 것을 원칙으로 하나, 미래의 특정시점에서 자금결제가 이루어지도록 시스템이 금융기관으로부터 미리 자금이체신청을 받아 두었다가 결제시점이 도래하면 자동으로 결제하도록 하는 제도를 예약자금이체제도라 한다.
옵션	옵션(option)이란 거래당사자들이 미리 정한 가격(행사가격, strike price)으로 장래의 특정시점 또는 그 이전에 일정자산을 팔거나 살 수 있는 권리를 매매하는 계약을 말한다.
와타나베 부인	일본에서 낮은 금리로 엔화를 빌려 외화로 환전한 뒤 해외의 고금리 자산에 투자(일종의 yen carry trade)하는 일본의 중상층 주부 투자자들을 와타나베(Watanabe) 부인이라고 하는데 일본의 개인 외환투자자들을 통칭하는 용어로 확장하여 사용하기도 한다.
완충자본	바젤Ⅲ는 ① 손실흡수력 제고를 위한 자본보전완충자본과 ② 경기순응성 완화를 위한 경기대응완충자본을 도입하였다.
외국환거래법	우리나라는 경제개발 초기에 외화자금이 크게 부족하였고 이에 대응해 국가 차원에서 외화자금을 효율적으로 조달, 운용하기 위해 기업 등의 외환거래를 매우 엄격하게 규제하는 외국환관리법을 시행하였다.
외국환업무취급기관/외국환은행	외국환업무를 업으로 영위하기 위하여 재무건전성, 외환업무시설 및 전문인력을 갖추어 기획재정부장관에게 등록한 금융기관을 “외국환 업무취급기관”이라고 한다.
외국환평형기금	자국 통화가치의 안정을 도모하고 투기적인 외화 유출입에 따른 외환시장의 혼란을 방지할 목적으로 정부가 외환시장에 개입하는 데 사용하기 위하여 조성한 기금을 말한다.
외국환포지션	외국환포지션은 일정시점에서 외국환은행 및 기업 등이 보유하고 있는 외화표시자산과 부채의 차액으로서 거래주체가 환리스크에 노출된 정도를 나타낸다.
외국환포지션한도	외국환은행의 외화자산과 부채가 일치하지 않을 경우 환율변동 위험에 노출되어 이에 따른 손익이 발생한다.
외부자금	기업은 투자나 운영자금을 기업내부 또는 기업외부에서 조달하는데 금융기관 차입금, 사채발행 등 기업외부에서 조달된 자금을 외부자금이라 한다.
외부효과	어떤 경제주체의 행위가 본인의 의도와는 관계없이 다른 경제주체에게 의도하지 않은 혜택이나 손해를 발생 시키지만 그 영향에 대한 보상이 이루어지지 않는 현상을 말한다.
외채/대외채권	국제통화기금(IMF)의 외채통계 작성 및 이용 지침에 따르면 외채(external debt) 는 “한나라의 거주자가 비거주자에게 미래 특정 시점에 원금이나 이자 또는 원금 및 이자를 지급해야 하는 우발적이 아닌, 현재에 확정된 채무의 잔액”으로 정의하고 있다.
외화가득액/외화가득율	특정 상품의 수출액에서 그 상품 제조를 위한 원자재 수입액을 차감한 잔액을 외화가득액이라 하고, 외화가득액의 수출액에 대한 비율을 외화가득률이라고 한다.
외화자금시장	외환시장이 이종통화 간 매매가 수반되고 환율이 매개변수가 되는 시장을 의미하는 반면 외화자금시장은 금리를 매개변수로 하여 외환의 대출과 차입이 이루어지는 시장을 말한다.
외환건전성부담금제도	동아시아 외환위기, 글로벌금융위기 등 우리나라가 겪었던 금융위기는 호황기에는 자본이 과도하게 유입되고 불황기에는 급격히 유출되는 자본유출입의 변동성에 주로 기인하였다.
외환결제리스크	외환결제과정에 내재된 리스크로 국가 간 또는 복수통화 간에 이루어지는 외환결제의 특성상 환율, 시차, 국가 간 상이한 자금이체시스템 및 법률체계 등 여러 요인에 의해 발생한다.
외환동시결제(PVP)	외환동시결제(PVP; Payment versus Payment)는 외환결제과정에서 국가 간 결제시간대의 차이로 인하여 발생하는 외환결제리스크를 최소화하기 위하여 외환거래에 따른 수취통화와 지급통화를 동시에 주고 받는 결제방식으로서 대표적으로 CLS은행이 이러한 방식의 외환결제서비스를 제공하고 있다.
외환보유액	외환보유액(Official Reserve Assets)은 중앙은행이나 정부가 국제수지 불균형을 보전하거나 외환시장 안정을 위해 언제든지 사용할 수 있도록 보유하고 있는 교환성이 있고 유동성이나 시장성이 높은 대외지급준비 자산을 말한다.
외환스왑거래	외환스왑거래란 거래당사자들이 현재의 계약환율에 따라 서로 다른 통화를 교환하고 일정 기간 후 최초 계약시점에서 정한 선물환율에 따라 원금을 재 교환하는 거래를 말한다.
외환시장	외환시장은 좁은 의미에서 외환의 수요와 공급이 연결되는 장소를 말하나 넓은 의미에서는 이러한 장소적 개념뿐만 아니라 외환거래의 형성, 결제 등 외환거래가 정기적 또는 지속적으로 이루어지는 일련의 메커니즘을 포괄한다.
외환전산망	1997년 외환위기 이후 우리나라가 주식 채권시장을 전면 개방하고 외국인직접투자도 전면 허용하는 등 외환거래 자유화조치를 취함에 따라, 국외 여건 변화에 따른 빈번한 외자유출입 등으로 우리경제의 변동성이 확대될 가능성이 크게 높아졌다.
요소비용	하나는 시장가격에 의한 평가이고 다른 하나는 요소비용(factor cost)에 의한 평가이다.
요소비용 국민소득	요소비용에 의한 국민소득(NI at factor cost)은 통상 국민소득(NI)이라 불리며 한 나라의 국민이 제공한 생산요소에서 발생한 소득의 총액, 즉 노동에 대한 대가인 피용자보수와 토지, 자본, 경영에 대한 대가인 영업잉여의 합계로서 고정자본소모와 순생산 및 수입세가 포함되지 않으므로 한 나라 국민이 벌어들인 순수한 소득을 나타내는 지표이다.
우발부채(채무)	과거에 발생한 원인은 있으나 채무의 확정이 미래 불확실한 사건의 발생 여부에 달려있는 잠재적 의무를 의미한다.
우발전환사채(코코본드)	우발전환사채(Contingent Convertible Bond)는 발행기관이 경영개선명령을 받거나 부실금융기관으로 지정될 경우 상각되거나 보통주로 전환되는 조건이 부가되어 있는 채권(조건부자본증권)을 말한다.
운영리스크	부적절하거나 잘못된 내부 프로세스(internal process), 인력, 시스템, 외부사건(external events) 등으로 인해 발생할 수 있는 손실 가능성을 말한다.
워싱턴 컨센서스	1990년대 미국이 중남미 국가들에 대해 제시하였던 미국식 시장경제체제의 확산 전략을 뜻하며 미국이 주도하는 신자유주의의 대명사로도 인식되고 있다.
워크아웃	기업과 금융기관의 협의로 진행되는 재무구조 개선과정 및 결과를 포괄적으로 이르는 말이다.
원/위안 직거래시장	원/위안 직거래시장은 달러를 매개로 하지 않고 원화를 위안화로, 위안화를 원화로 바로 환전할 수 있는 시장을 의미한다.
원금리스크	외환결제리스크 중 가장 대표적인 리스크로 매도통화를 이미 지급하였거나 매도통화의 지급을 취소할 수 없는 상황에서 거래상대방이 파산하는 경우 매입통화를 전액 수취하지 못하는 리스크를 원금리스크(principal risk)라고 한다.
원금이자분리채권(STRIPS)	이표채의 원금과 미래의 이자금액을 분리하여 각각 무이표채(zero coupon bond) 의 형태로 거래할 수 있는 채권을 말한다.
위험가중자산/위험가중치	자기자본비율 산출 시 대차대조표상 자산계정의 단순 합계를 분모로 사용할 경우 자산을 구성하는 각 익스포저에 따른 리스크를 반영할 수 없는 문제가 있다.
위험기준자기자본비율(RBC비율)	금융기관이 영업활동에 따라 부담하게 되는 리스크(위험가중자산)를 자기자본으로 흡수할 수 있는 능력을 평가하는 지표로 금융기관의 건전성과 안전성 정도를 나타내며 자기자본을 위험가중자산으로 나누어 산출한다.
유동비율	단기채무에 충당할 수 있는 유동자산이 얼마나 되는가를 평가하여 기업의 단기지급능 력을 판단할 수 있는 대표적 지표로서 유동비율이 높을수록 단기지급능력이 양호하다고 볼 수 있으나 과다한 유동자산 보유는 자산운용 효율성을 떨어뜨려 수익성을 저해한다. 유동비율 = 유동자산/유동부채 × 100
유동성	유동성(liquidity)이란 자산을 현금으로 전환할 수 있는 정도를 나타내는 용어로 기업의 자산을 필요한 시기에 손실 없이 화폐로 바꿀 수 있는 정도를 나타낸다.
유동성 함정	유동성 함정(liquidity trap)이란 금리 인하를 통한 확장적 통화정책이 투자나 소비 등 실물경제에 영향을 주지 못하는 상태를 말한다.
유동성딜레마	1944년 출범한 브레튼우즈(Bretton Woods)체제는 독자적인 세계통화가 아니라 특정 국가의 통화인 미국 달러화를 기축통화로 하여 성립된 체제였다.
유동성리스크	거래 일방이 일시적인 자금부족으로 인해 정해진 결제 시점에서 결제의무를 이행하지 못함에 따라 거래상대방의 자금조달 계획 등에 악영향을 미치게 되는 위험을 말한다. 유동성 리스크는 거래 상대방이 지급기일이 지난 이후 채무를 결제할 수 있다는 점에서 거래상대방이 파산하여 채권 회수가 영원히 불가능한 신용리스크와 차이가 있으나 실제로는 그 구별이 쉽지 않다.
유동성커버리지비율	유동성커버리지비율(LCR; Liquidity Coverage Ratio)은 단기 유동성 규제비율로서 은행이 유동성 부족에 대비하여 보유한 고유동성자산 규모를 30일간의 유동성스트레스 시나리오 하에서 예상되는 순현금유출액으로 나눈 비율이다.
유럽부흥개발은행(EBRD)	EBRD(European Bank for Reconstruction and Development)는 중동부 유럽국가의 시장경제체제로의 전환 촉진과 경제개발 지원을 목적으로 1991년 3월 설립된 국제금융기구로서 영국 런던에 본부를 두고 있다.
유럽연합(EU)	유럽연합(EU; European Union)은 1991년 12월 유럽공동체 12개국 정상이 유럽연합 조약(일명 마스트리히트조약)의 체결에 합의한 후 1993년 11월 동 조약이 발효됨에 따라 종전의 유럽공동체(EC; European Communities)를 대신하는 지역공동체로서 1994년 1월 정식 출범하였다.
유럽중앙은행(ECB)	유럽연합(EU)의 통화정책을 수행하는 중앙은행으로서 1994년에 설립된 유럽통화기구(EMI)를 승계하여 1998년 6월 출범하였으며 독일 프랑크푸르트에 본부를 두고 있다.
유로달러(Euro dollar)	미국 외의 국가에 소재하는 은행에 예치된 미국 달러화를 말하는데, 런던을 비롯한 유럽의 주요 금융시장에서 많이 거래되고 있다.
유로마켓(Euro market)	뉴욕 동경 등 선진국의 국제금융시장에 대비되는 순수한 의미의 국제금융시장으로, 어떤 통화로 표시된 자금이 해당통화 발행국 이외의 국가에서 거래되는 시장이다.
유리보(EURIBOR)	유리보는 영어 ‘Euro Interbank Offered Rate’의 줄임말이다.
유통시장	유통시장(또는 제2차 시장, secondary market)은 이미 발행된 채권, 주식 등 유가증권이 투자자들 사이에서 매매되는 시장을 말한다.
은선	은행권의 위조방지를 위한 장치의 하나로 은행권용지에 삽입된 플라스틱 또는 금속으로 된 가는 선형필름을 말하며, 삽입된 필름의 문양 또는 글자 등을 확인할 수 있다.
은행경영공시제도	은행의 건전성을 유지하기 위해서는 감독당국의 직접적인 감독 이외에 예금자, 채권자 및 주주 등 이해관계자에 의한 시장규율(market discipline)이 중요하다.
은행인수어음(BA)	은행의 단기무역신용공급방식의 하나로 수출입대금결제를 위해 발행된 환어음을 은 행이 인수(accept)하는 것을 말하며, 은행이 어음상의 지급의무를 부담한 것이므로 그 신용도가 높아 BA 시장에서 자유로이 양도되고 자산보유의 형태로도 이용되고 있다.
을기금(Capital B)	외국은행 국내지점의 동일인 및 동일계열기업군 여신한도 등 은행법상의 영업규제와 관련하여 자기자본을 확대해줌으로써 여신기능이 원활히 수행될 수 있도록 하기 위한 명목상의 자본금으로 대차대조표에는 나타나지 않는다.
의중임금	의중임금이란 유보임금이라고도 하는데 특정 근로자로 하여금 노동을 공급하게 하기 위해 지불해야할 최소한의 임금을 말한다.
이슬람금융	이슬람금융이란 이슬람교 율법인 샤리아(Shariah)에 따라 행해지는 금융을 말한다.
이자보상배율	이는 영업활동에 의한 이익으로 이자비용을 어느 정도나 부담할 수 있는 지, 즉 기업의 이자부담능력을 평가하는 지표로 이용된다.
이전소득수지	이전소득수지는 국제수지표상 경상수지를 구성하는 항목 중의 하나로 거주자와 비거주자 사이에 무상으로 주고받는 거래의 수지를 말한다. 이러한 거래에는 재외교포가 국내 친지에게 보내는 개인송금, 국외 자선단체의 기부금이나 구호물자, 국제기구 출연금 등이 포함된다.
이중통화채(dual currency bond)	국제간 환율 및 금리 전망을 바탕으로 채권발행 통화와 상환 통화를 달리하여 발행하는 채권을 말한다.
이표채	국채 금융채 회사채 등의 채권은 이자지급 방법에 따라 할인채(discount bond), 이표채(coupon bond), 복리채(compound interest bond) 등으로 구분되는데 이표채는 채권의 권면에 이표(쿠폰 coupon)가 붙어 있어 이자지급일에 이를 떼어 제시함으로써 이자를 지급받는 채권을 말한다.
익스포저	리스크에 노출되어 있는 금액을 의미하며 리스크 유형에 따라 시장리스크 익스포저, 신용리스크 익스포저 등으로 구분된다.
인구고령화	인간의 평균 수명이 증가하고 출산율이 감소함에 따라 선진국을 중심으로 고령자의 인구 비율이 점차 높아져 가는 현상 또는 그러한 상태를 고령화라고 한다.
인적자본	개인이 보유한 능력, 기술숙련도, 지식 등을 포괄하는 것으로 노동의 질적 수준을 의미한다.
인터넷뱅킹	인터넷뱅킹이란 고객이 자금이체, 계좌조회 등 은행 업무를 인터넷을 통해 원격지에서 처리할 수 있는 금융서비스이다.
인터넷전문은행	점포없이 또는 소수의 영업점만을 두고 인터넷, 모바일, ATM 등 전자매체를 주된 영업채널로 활용하는 온라인 기반의 은행으로서, 이는 은행서비스를 인터넷으로 제공하는 영업방식을 뜻하는 인터넷뱅킹과는 다른 개념이다.
인플레이션	여기서 물가는 개별 상품의 가격을 평균하여 산출한 물가지수를 의미한다.
일물일가의 법칙	완전경쟁이 이루어질 때 동일한 시기, 동일한 시장에서는 품질이 동일한 상품의 가격이 2개 이상 형성될 수 없다는 법칙이다.
일반특혜관세	개발도상국의 수출 확대 및 공업화 촉진을 위하여, 선진국이 개발도상국으로부터 수입되는 농수산물, 공산품 및 반제품에 대하여는 아무런 조건 없이 “일반적”으로 무관세 또는 저율의 관세를 부과하는 관세 상의 특혜대우를 말한다.
일중RP제도	일중RP제도는 총액결제시스템에서 중앙은행이 참가기관에게 환매조건부증권매매(RP)를 통해 당일 상환을 조건으로 결제에 가용할 수 있는 일중유동성을 제공하는 방법이 다.
일중당좌대출제도	일중당좌대출제도는 한은금융망의 자금결제가 원활히 이루어지도록 은행 참가기관에 대하여 영업시간 중 일시적인 결제부족자금을 실시간으로 지원하는 제도로 2000 년 9월 도입되었다.
입금이체	입금이체(credit transfer)는 지급인이 자신이 거래하는 금융기관에 지급을 지시하여 이체금액을 수취인의 계좌로 입금하도록 하는 계좌이체 방식을 말한다.
자금관리서비스(CMS)공동망	CMS(Cash Management Service)공동망은 금융기관을 통해 대량의 출금 및 입금서비 스를 제공하는 시스템으로 금융결제원이 1996년 8월부터 가동하였다.
자금순환표	국민경제 내에 존재하는 자금의 흐름은 실물거래와 관련하여 일어나는 산업적 유통과 자금조달비용지수(COFIX) 채권과 채무의 변동을 나타내는 금융적 유통으로 나누어 볼 수 있는데 경제활동을 올바르게 분석하기 위해서는 양 거래를 연결하여 동시에 파악하여야 한다.
자금조달비용지수(COFIX)	2000년대 후반까지 CD 금리는 주택담보대출의 주된 준거금리로 활용되어 왔다.
자기띠 카드	신용카드나 전화카드와 같이 얇은 플라스틱 카드에 자성체 물질을 띠 모양으로 입히고 필요한 정보를 기록한 카드이다.
자기자본비율	총자본 중에서 자기자본이 차지하는 비중을 나타내는 대표적인 재무구조 지표이다.
자동안정화장치	정책의 효율성을 점검해야 하며, 효율성이 입증되었다고 해도 경기상황에 대한 정보수집과 예측, 정책입안, 입법절 차 등을 거쳐 실제로 정책을 시행하기까지 많은 시간이 소요된다.
자발적 실업	자발적 실업이란 일할 의사가 있어 고용되기를 원하지만 현재의 임금수준이 낮다고 생각하여 스스로 일하고 있지 않는 상태에 있는 실업이다.
자본거래자유화	자본거래의 자유화란 직접투자나 간접투자를 불문하고 정부 혹은 민간이 제3 국과의 사이에 자본을 사용 목적, 방법 등에 대해 어떠한 간섭도 받지 않은채 자유롭게 공급 또는 도입하고 나아가 동 자본의 원금과 이자의 상환 등에 제한을 받지 않도록 하는 것, 간단히 말해 국경 간의 자본 이동을 자유화하는 것을 의미한다.
자본생산성	재화 및 서비스를 생산하기 위하여 투입한 자본의 양과 그 결과 생산된 산출물의 양의 비율을 자본생산성(capital productivity)이라 한다.
자본시장통합법	증권거래법, 간접투자자산운용업법, 신탁업법 등 자본시장 관련 6개 법률을 통합한 자본시장과 금융투자업에 관한 법률(2009년 2월 시행)을 말한다.
자본이동자유화규약	경제협력개발기구(OECD)는 설립 직후인 1961년 12월 금융 및 실물 부문에서의 자유로운 거래를 촉진시키기 위하여 양대 자유화규약인 자본이동자유화규약과 경상무역외 거래자유화규약을 제정하였다.
자본적정성	자본이란 재무상태표상 자산에서 부채를 차감한 금액으로 순자산(net worth) 으로 불리기도 하며, 납입자본 및 이익잉여금 등으로 구성된다.
자본적지출	자본재에 대한 사용 가능 햇수(내용연수)의 연장을 목적으로 한 대수선 또는 개보수나 생산성 또는 생산되는 재화의 질과 양을 현저하게 향상시키는 지출을 말한다. 즉 기계, 설비, 구조물 또는 기타 고정자산에 대한 주요 개조나 증축이 이에 해당하며 총고정자본 형성(투자)으로 처리한다.
자산건전성 분류	금융기관이 보유한 자산에 대해 건전성 여부를 분석하여 불건전자산의 발생을 예방하고 이미 발생한 불건전자산에 대하여는 조기 정상화를 촉진함으로써 자산운용의 건전화 도모를 주목적으로 하고 있다.
자산유동화	일반적으로 특수목적기구(special purpose vehicle)가 자산보유자로부터 자산을 양도 신탁 받아 이를 기초로 유동화증권을 발행하고 해당 유동화자산의 관리 운용 처분에 의한 수익이나 차입금으로 유동화증권의 원리금 또는 배당금을 지급하는 일련의 행위를 말한다.
자연독점	자연독점(natural monopoly)은 생산규모가 커질수록 생산비용이 계속 낮아지는 규모의 경제(economies of scale)가 존재할 때 발생한다.
자연실업률	1968년 프리드먼(M. Friedman)이 처음 제시한 개념으로, 경제의 균형상태에서 상품시 장과 노동시장 등의 구조적 요인에 의해 결정되는 실업률을 말한다.
자유무역협정(FTA)	협정을 체결한 국가 간에 상품이나 서비스 교역에 대한 관세 및 무역장벽을 철폐함으 로써 무역특혜를 서로 부여하는 협정을 말한다.
자유재	희소성이 높지 않고 아무런 대가를 치르지 않아도 무상으로 얻을 수 있는 재화를 말한다.
작업증명	작업증명(proof-of-work)은 제3자로부터의 서비스 요청(request)이 악의적인 공격(spam 또는 DoS, Denial of Service)이 아님을 증명하기 위해서, 자원이 소모되는 작업을 추가로 수행할 것을 요구하는 것을 의미한다.
잠상	은행권 위조방지를 위한 장치의 하나로 인쇄된 글자나 문양이 보통상태에서는 잘 보이지 않으나 보는 각도나 빛의 방향에 따라 보이는 장치를 말한다.
잠재GDP성장률	잠재GDP성장률은 노동이나 자본 등의 자원을 최대로 활용하였을 때 유지되는 실질 GDP의 증가율로서 한 나라 경제의 최대성장능력을 의미한다.
잠재경제활동인구	취업자도 아니고 실업자도 아닌 상태로 인해 비경제활동인구로 분류되었지만 취업 가능성과 의사 등을 고려하여 잠재적인 측면에서 경제활동인구로 간주되는 잠재취업가능자와 잠재구직자를 합한 개념이다.
장기금융시장(자본시장)	금융시장은 거래 금융상품의 만기를 기준으로 단기금융시장(money market)과 자본시장(capital market)으로 구분되는데 자본시장은 만기 1년 이상의 장기채권이나 만기가 없는 주식이 거래되는 시장을 말한다.
장기침체	장기침체란 경제활동의 장기적 침체라는 뜻으로 대체로 실제GDP가 잠재GDP를 하회하는 가운데 총수요가 억제 되어 있거나 공급측면에서 잠재GDP가 정체되어 있는 상황으로 정의된다.
장내시장	장내시장이란 주식과 같은 유가증권이나 금융상품 등이 표준화된 거래방식에 따라 거래가 이루어지는 조직화된 시장을 말한다.
장단기금리차	장단기금리차란 일정 시점에서 장기금리와 단기금리의 차이를 의미한다.
장외시장	장외시장(OTC; Over-The-Counter)이란 장내시장이 아닌 시장에서 중개기관을 통해 개별적으로 거래가 이루어지는 시장을 말한다.
재산소득	국민계정에서 재산소득(property income)이란 금융자산 또는 자연자원(주로 토지 및 지하자원)의 소유주가 타 경제주체에게 자금을 공급하거나 유형 비생산자산을 사용하도록 하고 그 대가로서 수취하는 소득을 말한다.
재정수지	수입과 지출이 같으면 균형, 수입이 더 많으면 흑자, 지출이 더 많으면 적자라고 한다.
재정정책	정부의 지출과 조세를 정책수단으로 사용하는 정부의 제반 정책을 일컬어 재정정책이라고 한다.
재정환율	자국통화와 여타 외국 통화가 국내외환시장에서 직접적으로 거래되지 않는 경우 각각의 시장에서 결정되는 가격을 이용해 산출하는 환율을 말한다.
저축률/총저축/평균소비성향/평균저축성향	이때 소비율을 백분율이 아닌 계수로 표시한 것을 평균소비성향이라 하며, 평균저축성향은 1에서 평균소비성향을 차감한 것이다.
적기시정조치제도	부실화 소지가 있는 금융기관(은행, 보험사, 저축은행, 금융투자업자, 여전사 등) 에 대하여 부실화가 크게 확대되기 전에 적절한 경영개선조치를 취함으로써 조기에 경영을 정상화시키고 경영정상화 가능성이 없는 금융기관은 퇴출시키는 제도이다.
전방연쇄효과	생산유발계수를 이용하여 각 산업 간의 상호의존관계의 정도를 전산업의 평균치를 기준으로 한 상대적 크기로 표시한 것이 영향력계수와 감응도계수이다.
전산업생산지수	우리나라 경제전체의 모든 산업을 대상으로 재화와 용역에 대한 생산활동의 흐름과 변화를 월별지수로 나타낸 것이다.
전자금융	금융업무에 컴퓨터 및 정보통신기술을 적용하여 자동화 및 전자화(Network 화) 를 구현하는 것을 말한다.
전자금융공동망	전자금융공동망은 ARS공동망을 확대 개편하여 2001년 4월부터 가동된 시스템으로 인터넷뱅킹, 모바일뱅킹 등 전자금융서비스에 대한 중계업무를 처리하고 있다.
전자단기사채	전자단기사채란 자본시장법상의 채무증권으로서 실물이 아닌 전자적으로 발행 유통되는 단기금융상품을 말한다.
전자상거래	인터넷을 이용하여 가상공간에서 광고, 발주, 수주 등의 상거래 및 대금결제를 수행하는 것을 말한다.
전자서명	전자서명은 수기서명의 전자적인 대체물로서 전자 문서의 진정성 및 작성자의 신원을 확인할 수 있도록 암호화한 정보를 말한다.
전자어음	전자어음은 실물어음이 아닌 전자적 형태로 발행된 어음으로 발행인, 수취인, 금액 등 어음 정보를 전자문서 형태로 작성하며 전자어음 관리기관(금융결제원)의 전산시스 템에 등록된 약속어음이다.
전자정보교환제도	금융기관 수납장표의 전자정보교환제도(truncation)란 공과금 납부용지, 지로용지, 어음, 수표 등 금융기관에서 수납하는 각종 장표를 표준화하고 업무처리를 전산화하여 장표 실물의 이동 없이 전산망을 통한 정보(전산데이터)의 이동만으로 교환 업무를 처리하는 제도이다.
전자지급결제대행	전자지급결제대행(PG; Payment Gateway)이란 인터넷 쇼핑몰 등의 전자상거래에서 구매자로부터 대금을 수취하여 판매자에게 지급될 수 있도록 지급결제정보를 송수신하는 것 또는 그 대가의 정산을 대행하거나 매개하는 것을 의미한다.
전자화폐	IC카드 등에 화폐가치를 저장하였다가 상품 등의 구매에 사용할 수 있는 전자지급수단으로서 범용성과 환금성을 갖춘 것을 말한다.
전자화폐공동망	전자화폐공동망은 금융기관이 공동으로 개발한 한국형 전자화폐(K-CASH) 이용시 발생한 금융기관 간 정산금액을 결제하기 위한 시스템으로 2000년 7월 가동되었다.
전환사채(CB)	전환사채(Convertible Bond)란 사채로 발행되었지만, 일정 기간이 지난 후 소유자의 청구에 의하여 발행회사의 주식(보통주)으로 전환할 수 있는 권리가 부여된 사채를 정규직/비정규직 말한다.
정규직/비정규직	정규직은 법적인 개념은 아니지만 기간이 정해져 있지 않은 고용형태로 근로자와 사업주가 직접 근로계약을 체결하고 전일제로 근무하면서 정년까지 보장된다는 의미로 받아들이고 있다.
정보의 비대칭성	시장에서 거래의 당사자인 쌍방 간에 상호작용에 필요한 정보량에 차이가 있는 경우를 말한다.
정부당좌예금계정	정부의 재정활동과 관련하여 발생하는 모든 국고금의 수입과 지출을 관리하는 계정을 정부당좌예금계정이라 한다.
정부실패	시장실패를 교정하기 위한 정부의 시장개입과 규제가 자원배분의 효율성을 높이기보다 오히려 해치는 경우가 있는데 이를 시장실패에 비유하여 정부실패(government failure)라고 한다.
정책시차	정책시차(policy lag)란 어떤 경제정책을 시행해야 하는 원인이 발생하여 동 정책을 수립하는 데까지 걸리는 시간과 아울러 수립된 정책이 실제로 집행되어 정책효과가 나타나는 데 걸리는 시간을 말한다.
정크본드	정크본드(junk bond)란 리스크가 상대적으로 큰 기업들이 자금 조달을 목적으로 발행한 고수익 고위험 채권을 말한다.
제1차 통화조치	한국전쟁의 여파로 산업활동이 크게 위축되고 물가가 급등하는 등 경제가 큰 혼란에 빠짐에 따라 이를 타개하기 위하여 1953년 2월 15일 화폐단위를 ‘원(圓)’에서 ‘환()’으로 변경하고 100대 1로 절하(100圓 → 1)하는 긴급통화조치를 단행하였다.
제2차 통화조치	본 조치는 경제적 목적 달성보다는 ‘원’표시 도입이라는 의의를 가진다.
제로금리정책	금융기관 간에 여유자금과 부족자금을 빌리는 단기금융시장에서 거래되는 초단기 자금의 금리(한국과 일본의 콜금리, 미국의 페더럴펀드금리 등)를 0%에 가까운 수준으로 떨어뜨리는 통화정책을 말한다.
제조업생산능력/가동률지수	제조업 생산능력지수 및 가동률지수는 제조업 부문의 생산능력과 이용 정도를 나타내는 지표이다.
제조업평균가동률갭	통상 가동률은 경기상황이 좋지 않아 제품의 판매량이 감소할 경우 사업체가 생산량을 축소조정하고 불필요한 장비의 가동도 줄여나가면서 하락하게 된다.
조세부담률	조세부담률은 국민계정에서 조세수입이 국민총소득(GNI)에서 차지하는 비중으로 정의된다.
종합금융투자사업자	신성장 동력 산업과 대규모 해외 프로젝트 등을 지원할 수 있는 투자은행 출현을 유도하기 위해 2013년 도입된 제도이다.
죄수의 딜레마	전략적 상황에 처한 경제주체들의 행동을 분석하는데 유용하게 활용되는 게임이론의 한 예로서, 협력적인 선택이 양자에게 최선임에도 불구하고 자신의 이익에 치중한 선택으로 인해 오히려 두 사람 모두에게 바람직하지 않은 결과를 가져오는 상황을 말한다.
주가수익비율(PER)	주가가 실제 기업의 가치에 비해 고평가되어 있는지, 아니면 저평가되어 있는지 여부를 판단할 때 활용하는 대표적인 지표로 주가수익비율(PER; Price Earning Ratio) 이 있다.
주가연계증권(ELS)	주가연계증권(ELS; Equity Linked Security)은 개별 주식의 가격이나 특정 주가지수의 변동에 연계되어 특정조건 충족시 약정된 투자손익이 결정되는 금융투자상품이다.
주가지수	주식시장에서는 매일 수많은 종목이 거래되는데, 이러한 각 개별종목의 가격변동을 종합하여 주식가격의 전반적인 움직임을 파악하기 위하여 작성되는 지수가 주가지수이다.
주가지수선물거래	주가지수선물의 거래유형으로는 헤지거래, 투기거래, 차익거래, 스프레드거래 등이 있다.
주가지수옵션	주가지수옵션(stock index options)은 주가지수(기초자산)를 만기일에 사전에 약정한 가격(행사가격)으로 매입하거나 매도할 수 있는 권리를 거래하는 파생금융상품으로서 매입권리인 콜옵션(call option)과 매도권리인 풋옵션(put option)으로 구분된다.
주당순이익(EPS)	주당순이익(EPS; Earning Per Share)은 기업이 벌어들인 당기순이익을 동 기업이 발행한 총 주식수로 나눈 값을 말한다.
주식시장	주식시장은 주식회사의 지분권을 표시하는 유가증권인 주식이 거래되는 시장이다.
주택저당증권(MBS)	주택저당증권(MBS; Mortgage-Backed Securities)이란 자산유동화증권(ABS)의 일종 으로써 모기지(또는 주택담보대출)를 기초자산으로 발행되는 증권이다.
중간소비	생산과정에서 원재료, 광열비, 간접비 등으로 소비된 비내구재 및 서비스를 말하는 것으로써 고정자산의 유지보수를 위한 지출 등이 포함되고 중고품과 폐품의 순판매액은 차감된다.
중개무역	수출입 양 당사자 간의 물품거래가 제3국 상인의 중개로 이루어지는 무역형태를 말한다.
중계무역	물품을 수입하되 이를 국내에 반입하지 아니하고 가공하지 않은 원형 그대로 직접 제3국으로 수출하는 형태의 무역거래를 말한다. 중계무역업자는 수출입의 당사자로서 자기 책임 하에 수입 및 수출을 하고 대금결제를 한다는 점에서 수출입의 주체가 되지 않고 단순히 중개수수료만을 취득하는 중개무역과 구분된다.
중앙거래당사자	중앙거래당사자(CCP; Central Counterparty)는 증권거래 계약의 매도자에 대해 매수자 역할을, 매수자에 대해서는 매도자 역할을 수행하는 기관으로서 다자 간 차감에 의한 청산 업무를 수행하여 결제 유동성을 절약하는 한편 결제이행보증 서비스를 제공하여 참가자의 리스크관리 부담을 경감시키는 역할을 수행하고 있다.
중앙예탁기관	중앙예탁기관(CSD; Central Securities Depository)은 증권예탁 업무를 집중적으로 수행하는 기관으로서, 예탁자 또는 예탁자의 고객으로부터 직간접적으로 증권을 집중 예탁받아 동 예탁증권에 대한 권리를 관리하는 증권예탁제도의 운영기관을 말한다.
중앙은행	일반적으로 중앙은행은 독점적 발권력을 바탕으로 금융기관에 부족자금을 대출하는 은행의 은행 기능과 정부의 세입 및 세출을 관리하고 필요 시 부족자금을 대출하는 정부의 은행 기능을 수행한다.
중앙은행 여수신제도	중앙은행 여수신제도는 중앙은행이 금융기관을 대상으로 대출 및 예금을 통해 자금의 수급을 조절하는 정책을 말한다.
증거금	증권 현물을 거래할 경우 또는 선물/옵션을 거래할 경우에 매매당사자 일방 또는 매매당사자 쌍방이 매매약정을 이행한다는 증거로 중개회사에 예치하는 금액을 말한다.
증권결제리스크	증권결제리스크는 매매대상 증권의 인도와 대금지급이 예정대로 이행되지 않아 발생할 수 있는 손실가능성을 말하며 원금리스크, 대체비용리스크, 유동성리스크 등으로 구분된다.
증권대금동시결제(DVP)	증권대금동시결제(DVP; Delivery versus Payment)는 중앙예탁기관의 증권결제시스템을 대금결제은행의 자금결제시스템과 연계하여 증권거래시 증권의 실물과 대금을 지급결제 및 시장인프라 위원회(BIS CPMI) 동시에 결제하는 방식이다.
지급	지급(payment)은 개인이나 기업 등 경제주체가 경제거래를 한 후 재화 또는 서비스의 대가로 현금, 수표, 신용카드, 자금이체 등을 이용하여 화폐적 가치에 대한 청구권을 이전하는 행위를 말한다.
지급결제 및 시장인프라 위원회(BIS CPMI)	현재 는 금융시장인프라에 관한 원칙 등 국제기준 제정 및 이행상황 모니터링, 금융시장인 프라 감시와 관련한 정책 개발 및 제안 주도, 중앙은행 간 협력 증진 및 정보교환 촉진 등의 기능을 수행하고 있다.
지급결제시스템	개인 기업 정부 등 경제주체들의 금융거래나 경제활동에서 발생하는 지급결제가 원활히 이루어지도록 해주는 금융시스템의 하부구조로서 중앙은행, 지급결제 참여기관, 관련 법규, 지급수단 및 금융시장 인프라 등으로 구성된다.
지급결제제도 감시	국제결제은행(BIS)의 지급결제 및 시장인프라 위원회는 지급결제제도 감시(oversight of payment systems)를 “기존 시스템 및 운영 예정인 시스템을 모니터링하고 동 시스템에 대해 평가하는 한편, 필요 시 개선을 유도함으로써 동 시스템들의 안전성 및 효율성의 증진을 도모하는 중앙은행의 기능”으로 정의하고 있다.
지급수단	지급수단(payment instruments)은 크게 현금과 현금 이외의 지급수단으로 구분된다.
지급준비자산제도	지급준비자산제도란 한국은행이 필요하다고 인정될 때 금융기관에 대하여 예금지급 준비금과는 별도의 지급준비자산을 보유할 수 있는 제도(한국은행법 제63조)이다.
지급준비제도	중앙은행이 금융기관으로 하여금 예금 등과 같은 채무의 일정비율에 해당하는 금액을 중앙은행에 예치하도록 하는 제도이다.
지니계수	지니계수란 이탈리아의 통계학자 지니(Gini)가 소득분배상태를 파악하기 위하여 로렌츠곡선의 단점을 보완, 로렌츠곡선이 나타내는 내용을 하나의 단순한 숫자로 표시한 것이 다.
지로(GIRO)	지로는 대량수납 및 대량지급거래 등 다수인과의 자금이체를 중계센터를 통해 처리하는 소액대량 지급수단이다.
지방은행공동망	지방은행공동망은 지방은행의 공동상품인 뱅크라인(Bankline) 업무를 처리하는 공동망으로서 1997년 6월 가동되었다.
지수기준년	지수기준년(reference year)은 물량지수=100 또는 명목금액과 실질금액이 동일한 연도를 의미한다. 반면 기준년은 물량지수 계산 시 가격 또는 금액가중치를 제공하는 연도를 말한다. 따라서 고정가중법에서는 기준년과 지수기준년이 동일하나 연쇄가중법에서는 기준년은 직전년도이다.
지역금융협정	인접국가나 특정 경제권역내 국가 간에 체결하는 금융협력협정을 말한다.
지적소유권	지적소유권(intellectual property)은 지적재산권이라고도 하는데 컴퓨터 프로그램, 문학작품, 음반, 옷의 디자인, 유전공학 기술 등과 같이 상업, 과학, 문학 및 예술 등의 분야에서 사람의 지식 활동을 통해 발생하는 모든 권리이다.
지정시점처리제도	실시간 총액결제시스템에서 금융기관의 자금이체는 신청 즉시 처리되는 것이 원칙이나 어음교환, 타행환 등의 차액결제와 같이 거래 성격상 다수 금융기관 간에 일괄결제가 필요한 거래는 영업시간중 특정시점에 처리하고 있는데 이를 지정시점처리제도라 한다.
지주회사	지주회사는 다른 회사의 주식을 소유하여 그 회사의 사업내용을 지배하는 것을 주된 사업으로 하는 회사이다.
직불카드	직불카드(debit card)는 카드소지인(고객)이 물품이나 서비스를 구매하는 경우 동 카드를 이용하여 판매점에 설치되어 있는 단말기와 카드 발급은행의 주전산기를 통하여 고객의 예금계좌에서 구매대금을 인출하고 이를 판매자의 예금계좌로 자동이체해 주는 용도로 사용되는 카드이다.
직불카드공동망	직불카드공동망은 직불카드 소지자가 판매점에서 동 카드를 사용하여 상품 서비스를 구입하면 판매대금이 카드소지자 은행 계좌에서 인출되어 다음 영업일 판매자 은행 계좌로 입금되는 결제시스템으로 1996년 2월 가동되었다.
직접투자	직접투자는 한 나라의 기업이 국외 현지법인의 경영에 직접 참여하여 영업이익을 획득할 목적으로 자사 보유 자본, 기술 및 인력 등의 생산요소를 국외로 이전하는 거래행위를 말한다.
진성어음/융통어음	진성어음(commercial bill)이란 기업 간 상거래에 있어 대금결제를 위해 발행되는 어음으로 상업어음, 물품대금어음(물대어음)이라고도 한다.
집단대출	주택담보대출 중 신규분양, 재건축 재개발아파트 입주(예정)자 등 일정 자격요건을 갖춘 차주 집단을 대상으로 개별심사 없이 일괄승인방식으로 실행되는 여신을 말한다.
집중도 지수(HHI)	특정 산업에 속한 시장참여자들의 매출액이나 자산규모 등을 기준으로 시장점유율을 백분율(%)로 산출한 후 이들 모두를 각각 제곱한 값을 합산한 수치로, 이 수치가 높을수록 해당 산업이 소수의 참여자들에 의한 지배력이 커짐을 나타낸다.
차액결제선물환(NDF) 거래	만기 시 당초 약정한 환율에 의해 특정 통화를 거래당사자 간에 인도 또는 인수하는 일반적인 선물환거래와 달리 만기에 계약원금의 교환 없이 약정환율과 만기 시 현물환율인 지정환율(fixing rate) 간의 차액만을 지정통화로 결제하는 거래를 말한다.
차액결제시스템	결제시스템에 참가하는 금융기관 간 자금결제에서 일정 기간(보통 1일) 동안 발생한 거래의 상호 지급액과 수취액을 모두 상계처리한 다음 그 차액만을 결제하는 시스템으로 양자 간 차액결제시스템과 어음교환, CD, 타행환시스템 등과 같이 다수의 금융기관 간에 이루어지는 다자 간 차액결제시스템으로 구분된다.
차입매수(LBO)	차입매수(LBO; Leveraged Buy out)란 기업을 매수하려는 주체가 인수에 필요한 자금이 충분하지 않은 경우 금융기관 등으로부터 인수대상 기업의 자산을 담보로 인수자금을 차입하여 기업을 매수하는 방식을 말한다.
채권시가평가	채권시가평가(mark to market)란 금융기관들이 보유하고 있는 채권에 대한 가치를 적절한 가격(시장에서 거래가 활발한 채권은 시장가격으로, 거래부진으로 시장가격을 발견하기 곤란한 경우에는 보유채권을 시장에 매각할 경우 받을 수 있을 것으로 합리적으 채권시장 로 추정되는 공정가격)으로 평가하는 것을 의미하며 2000년 7월부터 전면 시행되었다.
채권시장	채권은 정부, 공공기관, 민간기업 등이 비교적 장기로 불특정 다수로부터 거액의 자금을 조달하기 위하여 정해진 이자와 원금의 지급을 약속하면서 발행하는 증권을 말한다.
채권시장안정펀드	채권시장안정펀드란 2008년 9월 미국발 금융위기로 국내 금융시장이 극도로 경색되어 있을 때 국내 금융기관이나 기업이 채권이나 기업어음 발행을 통해 원활하게 자금을 조달할 수 있도록 2008년 11월에 만들어진 펀드이다.
채무상환유예(moratorium)	라틴어로 ‘지체하다’란 뜻의 ‘morari’에서 파생된 말로, 한 국가가 경제 정치적인 이유로 외국에서 빌려 온 차관에 대해 일시적으로 상환을 연기하는 ‘지불유예(支拂猶豫) ’를 말한다.
청년실업률	청년실업률이란 15세에서 29세에 해당하는 청년층의 경제활동인구 중 실업자의 비율을 말한다.
청산	자금결제에 있어 청산(clearing)은 경제주체 간 지급행위가 수표, 계좌이체 등 비현금수 단을 이용하여 이루어진 경우 지급인과 수취인의 거래은행들이 주고 받을 금액을 정산하고 최종 확정하는 과정을 말한다.
총고정자본형성	기업에서는 지속적인 생산능력을 유지하고 경쟁력을 확보하기 위해 노후설비를 새로운 설비로 대체하거나 신규 사업 진출을 위해 공장도 짓고 기계도 구매하는데 이러한 경제활동은 해당연도의 이익만을 위한 것이 아니고 미래의 지속적인 수입의 보장 등 장기적인 안목에서 이루어진다.
총부채상환비율(DTI)	주택담보대출 차주의 원리금상환능력을 감안하여 주택담보대출 한도를 설정하기 위해 도입된 규제 비율이다.
총부채원리금상환비율(DSR)	차주의 상환능력 대비 원리금상환부담을 나타내는 지표로서, 차주가 보유한 모든 대출의 연간 원리금상환액을 연간소득으로 나누어 산출된다.
총산출	총산출(gross output)이란 개념적으로 생산된 재화와 용역의 화폐평가액을 총합한 것으로 재고품과 자가소비를 포함한다.
총수입스왑(Total Return Swap)	총수익스왑(TRS; Total Return Swap)은 기초자산 보유에 따라 발생하는 이자, 자본수익 등 총수익을 대가로 약정이자(통상 LIBOR+spread)를 수취하는 거래를 말한다.
총액결제시스템	결제시스템에 참가하는 금융기관들의 지급액과 수취액을 상계시키지 않고 지급지시 건별로 그 지급지시의 금액(총액)을 결제하는 총액결제방식을 채택한 지급결제시스템을 말한다.
최저임금제	국가가 노사 간의 임금결정 과정에 개입하여 임금의 최저수준을 정하고 그 이상 임금을 지급하도록 강제함으로써 근로자를 보호하는 제도이다.
최종대부자 기능	최종대부자(lender of last resort) 기능은 금융시장 불안 등으로 일시적인 지급불능 상태에 빠진 금융기관에 대하여 중앙은행이 발권력을 동원하여 부족자금을 신속하게 대출해주는 기능을 말한다.
최종수요/중간수요	어떤 재화나 서비스를 구매하고자 하는 능력과 욕구를 수요라 하는데 이는 용도에 따라 중간수요와 최종수요로 나눌 수 있다.
추가경정예산	추가경정예산이란 행정부가 예산을 성립한 후에 발생한 사회 경제적인 변동으로 인해 기존의 예산을 추가 삭감하여 바꾼 예산을 가리킨다.
추심	일반적으로 어음 수표소지인이 거래은행에 어음 수표대금 회수를 위임하고 동 위임을 받은 거래은행은 어음 수표 발행점포 앞으로 동 대금의 지급을 요청하는 일련의 절차를 말한다.
추정손실	추정손실은 차주 채무상환능력의 심각한 악화로 회수불능이 확실하여 손실처리가 불가피한 여신 및 12개월 이상 연체대출채권 보유 차주의 여신 등의 회수예상가액 초과부분을 말한다. 출자총액제한제도
출구전략	출구전략(exit strategy)이란 경제 위기 발생시 경기를 부양하기 위해 취하였던 각종 완화정책을 정상화하는 것을 말한다.
출금이체	출금이체(debit transfer)는 수취인이 자신이 거래하는 금융기관에 추심을 의뢰하여 (즉, 인출지시) 지급인의 계좌로부터 이체금액을 출금하여 수취인 자신의 계좌에 입금하도록 하는 계좌이체방식을 말한다.
출자총액제한제도	출자총액제한제도는 1987년 업종 다각화에 따른 대기업의 무분별한 사업 확장을 막기 위해 독점규제 및 공정거래에 관한 법률(공정거래법)에 의거해 도입되었다.
치앙마이 이니셔티브(CMI)	1999년 3월 ASEAN+3 정상회의에서 협력과제의 하나로 통화 금융협력을 제시하고 역내 금융지원체제를 구축하기로 합의함에 따라 2000년 5월 태국 치앙마이에서 개최된 ASEAN+3 재무장관 회의에서 마련한 방안을 말한다.
치킨게임	치킨게임(chicken game)은 다양한 분야에서 이해 당사자가 모두 최악의 상황에 직면할 가능성을 초래하는 극단적인 경쟁을 가리키는 용어로 쓰이고 있다.
카르텔	카르텔(cartel)이란 동종 혹은 유사 산업에서 경쟁하는 기업들이 상호 간의 경쟁을 제한하고 완화함으로써 시장을 지배할 목적으로 결성한 기업연합체를 말한다.
캐리트레이드	상대적으로 금리가 낮은 국가의 통화로 자금을 빌려(carry) 금리가 높은 국가의 주식 채권 등의 자산에 투자(trade)하는 행위를 의미한다.
커버드본드(이중상환청구권부 채권)	커버드본드(covered bond)란 금융기관이 부동산 담보대출 등 자신이 보유한 고정자산을 담보로 발행한 채권을 말하며 2014년 4월 도입되었다.
컨트리리스크	해외 투자자가 평가하는 특정 국가의 대외신인도를 일컫는 말로 투자상대국 정부의 예상치 못한 제도 변경이나 정책 변화로 투자자가 손실 또는 불이익을 입게 될 가능성을 의미한다.
코리보	코리보(KORIBOR)는 국내 은행들이 서로 자금거래를 할 때 기준이 되는 금리를 말한다.
콜시장	콜(call)시장은 금융기관들이 일시적인 자금 과부족을 조절하기 위하여 상호 간에 초단기로 자금을 차입하거나 대여하는 시장이다.
콜옵션	콜옵션(call option)이란 거래당사자들이 미리 정한 가격(행사가격, strike price) 으로 장래의 특정 시점 또는 그 이전에 일정자산(기초자산)을 살 수 있는 권리를 매매하는 계약이다.
크라우드펀딩	크라우드펀딩(crowd funding)은 온라인 플랫폼(중개업자)을 통해 다수의 개인들로부 터 자금을 조달하는 금융서비스이다.
타행환공동망	타행환공동망은 금융공동망 중계센터인 금융결제원과 금융기관들의 전산시스템을 상호 연결하여 송금인과 수취인의 거래은행이 다르더라도 전국 어느 금융기관의 점포에서나 송금업무를 처리할 수 있게 한 시스템으로 1989년 12월 가동되었다.
탄소배출권	탄소배출권(CERs; Certified Emission Reductions)은 온실가스를 일정기간 동안 배출할 수 있는 권리를 말한다.
테이퍼링(tapering)	미국은 2008년 9월 리먼브라더스 파산에 따른 금융위기 이후 큰 경기 후퇴를 겪게 되는데 이를 대공황에 빗대어 대침체(great recession)라고 한다.
테일러 준칙(Taylor's rule)	테일러 준칙(Taylor's rule)이란 1993년 미국 경제학자인 존 테일러(John Taylor) 가 제안한 금리준칙으로 중앙은행이 거시경제 안정을 달성하기 위해 물가변동뿐만 아니라 산출변동에도 금리가 조정되도록 한 금리준칙을 말한다.
텔레뱅킹(폰뱅킹)	텔레뱅킹(폰뱅킹)은 고객이 은행창구에 나가지 않고 가정이나 사무실 등에서 전자식 전화기를 통하여 자동응답 서비스를 이용하거나 은행직원과 통화함으로써 자금이체, 조회, 분실신고 및 FAX 통지 등을 할 수 있는 서비스이다.
토빈세(Tobin tax)	미국 예일대학교의 제임스 토빈(James Tobin) 교수가 1978년에 주장한 것으로 국제 투기자본(핫머니)의 급격한 자금유출입으로 각국의 통화가치가 급등락하여 통화위기가 촉발되는 것을 막기 위한 국경간 자본이동 규제방안의 하나이다.
통상임금	통상임금은 근로자의 특정한 임금을 보호하기 위해 근로기준법시행령에 정한 기준 임금을 말한다.
통합발행제도	통합발행제도(fungible issue 또는 reopening issue)란 일정 기간(3개월, 6개월, 1 년 등) 동안 계속해서 발행하는 채권의 표면금리와 만기 등 발행조건을 일치시켜 그 기간 동안 발행한 채권을 동일한 채권으로 만드는 제도이다.
통화스왑	통화스왑이란 외환스왑과 마찬가지로 거래당사자간에 서로 다른 통화를 교환하고 일정 기간 후 원금을 재 교환하기로 약정하는 거래를 말한다.
통화승수	중앙은행이 공급한 본원통화는 예금은행의 신용창출과정을 통해 이의 수 배에 달하는 통화를 시중에 유통하게 한다.
통화안정계정	통화안정계정은 금융시장 유동성 조절을 위한 일종의 기한부 예금(term deposit)이다.
통화안정증권	통화안정증권은 한국은행법 제69조 및 한국은행 통화안정증권법에 따라 한국은 행이 유동성 조절을 목적으로 발행하는 채무증서이다.
통화옵션	통화옵션이란 미래의 특정시점(만기일 또는 만기이전)에 특정통화(기초자산)를 미리 약정한 가격(행사가격)으로 사거나(call option) 팔 수 있는 권리(put option)를 말한다.
통화유통속도	통화유통속도(velocity of circulation of money)는 기본적으로 통화 한 단위가 일정 기간 동안 각종 거래를 매개하기 위해 몇 번 유통되었는지를 나타내는 지표를 말한다.
통화전쟁	환율은 수출입 규모의 변동을 초래해 경상수지는 물론 경제성장 등에 큰 영향을 미치게 되는데, 각국이 수출의 가격 경쟁력 제고를 위해 경쟁적으로 환율상승(각국 통화의 절하)을 도모하는 경우를 통화전쟁(currency war) 또는 환율전쟁이라고 한다.
통화정책	통화정책이란 독점적 발권력을 지닌 중앙은행이 통화량이나 금리에 영향을 미쳐 물가안정, 금융안정 등을 달성함으로써 경제가 지속가능한 성장을 이룰 수 있도록 하는 정책을 말한다.
통화정책 운영체제(monetary policy regime)	중앙은행은 역사적으로 경제구조의 변화, 금융시장의 발달 정도 등에 따라 다른 형태의 통화정책 운영체제를 도입해 왔다.
통화정책 커뮤니케이션	통화정책 커뮤니케이션이란 중앙은행이 통화정책 수행과정에서 가계, 기업, 정부 등 경제주체 및 시장과 행하는 일련의 소통행위를 말한다.
통화정책 파급경로	통화정책이 실물경제에 파급되는 경로에는 금리경로, 자산가격경로, 환율경로, 기대경 로, 신용경로, 위험선호경로 등이 있다.
통화정책수단	중앙은행이 활용하고 있는 통화정책 수단으로는 지급준비제도, 공개시장운영, 중앙은 행 여수신제도 등이 있다.
통화정책체계(monetary policy framework)	중앙은행은 통화정책을 수행함에 있어 정책수단과 최종목표(물가안정, 금융안정 등) 를 이어줄 수 있는 다양한 지표를 활용하는 것이 일반적이다.
통화지표	한 나라의 경제가 건강하게 유지되려면 경제규모에 맞는 적정량의 통화가 필요하다.
투입계수	각 산업부문이 재화나 서비스의 생산에 사용하기 위하여 다른 산업으로부터 구매한 원재료, 연료 등 중간재별 투입액을 총투입액으로 나눈 것으로서 각 부문 생산물 1단위 생산에 필요한 중간재들의 단위를 나타낸다.
투자율	투자율이란 일정 기간 동안 국민경제가 생산한 생산물 또는 수취한 소득에 대한 투자의 비율을 의미하는 것으로 투자액을 국민총처분가능소득으로 나누어 구한다.
투자은행	투자은행(investment bank)이란 상업은행(commercial bank)에 대비되는 개념으로 상업은행이 예금을 바탕으로 기업에 자금을 공급하는 전통적 은행업에 주력했다면 투자은행은 유가증권 인수를 통한 자금 공급을 주업으로 한다.
트리핀 딜레마(Triffin's dilemma)	로버트 트리핀(Robert Triffin : 1993년 81세를 일기로 사망) 예일대 교수는 미국의 무역수지 적자가 심각해진 1960년, 기축통화의 구조적 모순을 트리핀 딜레마라는 용어로 설명했다.
특별인출권(SDR)	1968년 4월 국제통화기금(IMF) 이사회의 결의에 따라 국제유동성 부족에 대처하기 위하여 1970년 도입된 일종의 국제준비통화이다.
특수목적기구(SPV)	자산유동화증권(ABS; Asset-Backed Securities) 발행에는 자산보유자, 특수목적기구(SPV), 자산관리자 및 신용평가기관 등이 참가하게 된다.
파레토최적	자원배분이 가장 효율적으로 이루어진 상태여서 더 이상의 개선 여지가 없는 상황을 의미한다.
파생금융상품	파생금융상품(financial derivatives)은 그 가치가 통화, 채권, 주식 등과 같은 기초금융 자산(underlying asset)의 가치변동에 의해 결정되는 금융상품을 말한다.
펀드	펀드(fund)란 다수의 투자자들로부터 자금을 모아 전문적인 운용기관인 자산운용사가 주식, 채권, 부동산 등 자산에 투자하여 운용한 후 그 실적에 따라 투자자에게 되돌려주는 금융상품이다.
페더럴펀드	페더럴펀드(federal funds)는 미 연방준비은행에 지급준비금 예치의무가 있는 예금은행이 지급준비금 과부족을 조절하기 위해 여타 예금은행, 정부보증기관(government-sponsored enterprises) 등으로부터 무담보로 차입한 자금을 말한다.
평가절상	환율은 일반적으로 거래 대상물인 외국환(외국통화) 한 단위와 교환되는 자국통화의 양으로 정의되고 있는데 원화절상은 외환시장에서 외환의 공급이 수요를 초과하여 외환의 가치가 하락하고 원화의 가치는 상승하는 현상을 의미하며, 이때 환율이 하락하게 되는데 이를 평가절상이라고도 말한다.
평가절하	환율은 일반적으로 거래 대상물인 외국환(외국통화) 한 단위와 교환되는 자국통화의 양으로 정의되고 있는데, 원화절하는 외환시장에서 외환의 수요가 공급을 초과하여 외환의 가치가 상승하고 원화의 가치는 하락하는 현상을 의미하며, 이때 환율이 상승하게 되는데 이를 환율상승 또는 평가절하라고도 말한다.
표면금리	표면금리(coupon rate)란 채권의 액면가에 대한 연간 이자지급 비율을 채권표면에 표시한 것으로서 계약기간 동안 지급을 약속한 고정금리이다.
풋옵션	풋옵션(put option)이란 거래당사자들이 미리 정한 가격(행사가격, strike price) 으로 만기일 또는 그 이전에 일정자산(기초자산)을 팔 수 있는 권리를 매매하는 계약이다.
프로그램매매	프로그램매매(program trading)란 주식시장에서 시장분석, 투자시점 판단, 매매 지시 등의 과정을 컴퓨터 프로그램을 통해 일괄 처리하여 다수의 종목을 동시에 거래하는 기법을 말한다.
프로젝트 파이낸싱	프로젝트 파이낸싱(PF; Project Financing)이란 석유개발, 탄광채굴, 조선소, 발전소, 고속도로 건설 등 대규모 사업을 추진하는 경우 그 프로젝트에 필요한 대규모의 소요자금과 각종 금융수요를 충족하기 위해서 동원되는 다수의 금융수단이나 투자금융기법을 통칭하는 말이다.
피셔효과	1920년대 미국의 경제학자 어빙 피셔(Irving Fisher)가 발표한 이론으로, 피셔방정식(fisher equation)은 명목금리가 실질금리와 기대인플레이션의 합계와 같다고 표현한다.
피용자보수	한 나라 국민이 생산활동에 참여한 결과 발생한 소득은 노동, 자본, 경영 등의 생산요소를 제공한 경제주체에 나누어진다. 이 중에서 노동을 제공한 대가로 가계에 분배되는 것을 급여 즉 피용자보수(compensation of employees)라고 하고, 생산활동을 주관한 생산주체의 몫을 영업 잉여라고 한다.
핀테크	핀테크(FinTech)는 ‘금융’(finance)과 ‘기술’(technology)의 합성어로 기존 디지털 기술 혁신을 통해 금융서비스를 획기적으로 효율화하거나 새 금융서비스를 출시하는 것을 뜻한다.
필립스곡선	임금상승률과 실업률 사이의 반비례 관계를 나타내는 곡선을 필립스 곡선이라 한다.
한계비용	한계비용은 재화나 서비스를 한 단위 더 생산하는데 들어가는 비용의 증가분을 의미한 다.
한계소비성향	개인의 소득은 소비와 저축으로 나누어지는데, 소득 중에서 소비로 쓰이는 비율을 소비성향, 저축에 들어가는 비율을 저축성향이라고 한다.
한계효용	어떤 상품이나 서비스의 소비를 한 단위 늘림에 따라 추가로 증가한 효용을 한계효용이라 한다. 한계효용은 총효용의 변화분을 소비량의 변화분으로 나눔으로써 계산할 수 있다. 일반적으로 소비량이 증가함에 따라 전체 효용은 증가하지만, 한계효용은 그 크기가 점차 줄어든다(한계효용체감의 법칙).
한국은행	우리나라의 중앙은행인 한국은행은 1950년 6월 12일 한국은행법에 의하여 설립되었다.
한시적 근로자	근로기간이 정해져 있지 않는 상시 근로자와 달리 근로 기간이 정해져 있는 계약직, 일용직 등을 비정규직 근로자라 한다.
한은금융망(BOK-Wire+)	한국은행이 금융기관 간 자금결제를 위하여 1994년 12월부터 가동 운영하고 있는 거액결제시스템으로 금융기관의 콜거래, 외환 및 증권매매 등에 따른 원화자금 결제는 대부분 한은금융망을 이용하여 한국은행에 개설된 당좌예금을 계좌이체하는 방식으로 처리한다.
할당관세제도	특정물품의 수입이 정부가 정한 일정수량에 이를 때까지는 저율의 관세가 부과되나 일정량을 초과하면 그 이후에는 고율의 관세가 부과되는 제도를 할당관세제도라고 하며 이때 부과되는 고율 또는 저율의 관세를 할당관세라 한다.
합계출산율	한 여성이 가임기간인 15세에서 49세 사이에 낳을 것으로 기대되는 평균 출생아 수를 측정하는 통계를 말하는데, 실제로는 5세 기준으로 구분한 연령별로 출산율을 계산한 후 이를 합한 개념이기 때문에 합계출산율(total fertility rate)이라고 부른다.
헤지펀드	개인을 대상으로 모집한 자금을 고수익 또는 위험회피 등을 목적으로 국제증권시장이나 국제외환시장에 투자하는 사적투자조합 또는 투자계약을 말한다.
현금자동인출기(CD)공동망	현금자동인출기(CD)공동망은 금융공동망 중계센터인 금융결제원과 금융기관들의 전산시스템을 상호 연결하여 특정 금융기관 고객이 다른 금융기관의 CD 또는 ATM을 이용하여 현금인출, 계좌이체, 잔액조회 등의 서비스를 받을 수 있도록 구축된 시스템으로 1988년 7월 가동되었다.
현시비교우위지수(RCA)	현시비교우위지수(RCA; Revealed Comparative Advantage)란 특정 상품의 수출이 세계 수출에서 차지하는 비중으로 특정 국가에서 동 상품이 전체 수출에서 차지하는 비중을 나눈 값으로 정의된다.
현지금융	현지금융이란 거주자(개인은 제외), 거주자의 국외지점 및 현지법인이 외국에서 사용하기 위하여 외국에서 외화자금을 차입(증권발행에 의한 경우 포함)하거나 지급보증을 받는 것을 말한다.
현지법인	현지법인이라 함은 거주자가 외국환거래규정에 의하여 신고 등을 하고 국외에서 해당국의 법에 따라 설립한 법인을 말한다.
혼합형결제시스템	혼합형결제시스템(hybrid settlement system)은 지급지시가 영업시간중에 실시간으로 결제되어 신용리스크가 제거되는 실시간총액결제방식의 장점과 결제유동성을 절약할 수 있는 차액결제방식의 장점이 결합된 지급결제시스템을 말한다.
홀로그램	은행권 위조방지를 위한 장치의 하나로 사진용 필름과 유사한 표면에 3차원 이미지를 기록하여 기울여 보면 문양 변화 효과를 확인할 수 있다.
화폐교환	화폐교환이란 고객의 요구에 따라 다른 종류의 화폐로 바꾸어 주거나 훼손 오염 또는 마모 등의 사유로 손상된 화폐를 사용할 수 있는 화폐로 바꾸어 주는 것을 말한다.
화폐발행/화폐발행액	화폐발행은 중앙은행인 한국은행의 독점적인 권한으로 금융시장에서 국공채 매입, 은행에 대출, 외환 매입, 금융기관의 예금 인출 요청 등의 형태로 화폐를 시중에 공급하는 것을 말한다.
화폐의 액면체계	화폐의 액면체계는 한 국가의 화폐를 구성하는 액면금액의 틀을 의미하는데, 보통 액면체계는 일상적인 거래 편의 도모라는 대원칙 아래 국가의 경제 사회적 여건과 국민의 화폐사용 습관의 영향을 받는다.
화폐환수	한국은행이 발행하여 시중에서 유통되는 화폐는 예금 또는 세금 납부 등으로 금융기관으로 입금되며, 금융기관은 입금된 화폐 중 일부를 고객의 예금인출에 대비하여 시재금으로 보유하고 나머지는 한국은행에 예금지급준비금과 결제자금 등으로 입금하는데, 이처럼 한국은행에서 발행된 화폐가 다시 한국은행으로 되돌아 들어오는 것을 화폐의 환수라 한다.
환경계정	환경계정이란 1993년 UN이 경제활동과 환경 간의 상호 관계를 체계적으로 분석하기 위하여 국민계정의 위성계정 형태로 새로 도입한 환경경제통합계정(SEEA; System of Integrated Environmental and Economic Accounts)을 말한다.
환경권	환경권(environmental rights)이란 모든 국민이 건강하고 쾌적한 환경 속에서 인간답게 살 수 있는 권리를 말한다.
환리스크	장래의 예상하지 못한 환율변동으로 인하여 보유한 외화표시 순자산(자산-부채) 또는 현금흐름의 가치가 변동될 수 있는 불확실성을 의미한다.
환리스크헤지	장래의 예상하지 못한 환율변동으로 인하여 기업 등이 보유하고 있는 외화표시 순자산(자산-부채)의 가치 또는 현금흐름의 순가치가 변동될 수 있는 불확실성을 제거하는 것을 의미한다.
환매조건부매매/RP/Repo	미래의 특정 시점에 특정 가격으로 동일한 증권을 반대방향으로 매수 및 매도할 것을 약정하고 이루어지는 증권의 매매거래를 말한다.
환어음	환어음은 발행인이 직접 어음금액을 지급하지 아니하고 제3자인 지급인에게 일정한 금액의 지급을 위탁하는 형식의 지급위탁증권이다.
환율조작국	1988년에 제정된 미국의 종합무역법에서 규정된 개념으로 동 법은 현저한 대미 무역흑자 및 상당한 경상수지 흑자를 보인 국가를 환율조작국으로 지정할 수 있다.
환전영업자(환전상)	환전영업자는 외국통화의 매입, 매도 또는 외국에서 발행한 여행자수표의 매입을 업으로 영위하는 자를 말한다.
환차손/환차익	환위험은 크게 회계적 환위험(또는 환산환위험)과 거래적 환위험으로 나누는데, 이 중에서도 회계적 환위험이란 해외지사 및 자회사의 재무제표를 모기업의 재무제표와 연결시키기 위해 자산과 부채의 가치를 동일한 통화로 환산하는 과정에서 발생하는 환위험을 말한다.
황금낙하산	적대적 기업인수합병(M&A)으로 인수대상 기업의 최고경영자가 사임하게 될 때를 대비, 사전에 이에 대한 충분한 보상을 보장하는 계약을 말한다.
회사채	회사채란 민간기업이 비교적 장기로 불특정 다수로부터 설비투자 자금 등 거액의 자금을 조달하기 위하여 정해진 이자와 원금의 지급을 약속하면서 발행하는 채권을 말한다.
회수의문	회수의문은 차주 채무상환능력이 현저히 악화되어 채권회수에 심각한 위험이 발생한 여신 및 3개월 이상 12개월 미만의 연체대출금 보유 차주의 여신 등의 회수예상가액 초과부분을 말한다.
후방연쇄효과	생산유발계수를 이용하여 각 산업 간의 상호의존관계의 정도를 전산업의 평균치를 기준으로 한 상대적 크기로 표시한 것이 영향력계수와 감응도계수이다.
후순위금융채	BIS 자기자본비율을 산정할 때 보완자본의 일종으로 분류되는 채권이다.
후행종합지수	개별 경제지표로는 파악하기 어려운 국민경제의 총체적인 경기수준을 파악하기 위하여 경기종합지수를 작성한다.
Beyond GDP	인간의 복지(well-being)와 후생, 사회적 발전을 제대로 반영한 측정지표를 의미한다.
BIS 자기자본비율	1988년 6월 바젤은행감독위원회(BCBS)가 발표한 바젤자기자본협약(Basel Capital Accord)에 따른 자본규제(바젤Ⅰ) 비율을 의미한다.
CAMEL-R시스템/ROCA시스템/CACREL시스템	은행의 경영실태평가방식으로는 CAMEL-R, ROCA 및 CACREL 시스템이 있는데, 일반은행 본점 및 현지법인에 대해서는 CAMEL-R시스템, 외은지점 및 국내은행 국외지점에 대해서는 ROCA시스템, 특수은행에 대해서는 CACREL시스템에 의해 평가한다.
CLS은행	CLS은행은 외환결제리스크 감축에 관한 국제결제은행(BIS)의 권고에 따라 1999 년 주요 국제 상업은행들이 세계 외환거래의 동시결제를 구현할 목적으로 설립한 국제외환결제전문은행이다.
CMO	CMO(Collateralized Mortgage Obligation)는 미국에서 발행되는 주택담보대출 증권의 일종으로서 pass-through 및 모기지를 기초자산으로 하여 투자자의 다양한 선호에 부합되도록 기초자산으로부터 유입되는 현금흐름이 만기, 이자율 및 조기상환 민감도가 상이한 몇 개의 tranche로 나누어 구조화한 상품이다.
DebtRank	특정 금융업권(은행)의 부도 충격이 거래상대방과의 상호거래 익스포저를 통해 순차적으로 확산되어 나타나는 손실 합계가 전체 금융(은행)부문 운용 자산에서 차지하는 비중(Battiston et al,. 2012)으로, 이 값이 클수록 부도충격의 전염도가 높아짐을 의미한다.
EC방식	중앙은행은 통화정책수단을 사용하여 금리나 통화량에 영향을 미치고 나아가 물가안정, 금융안정 등을 달성함으로써 경제가 지속 가능한 성장을 이룰 수 있도록 한다.
FTSE 지수	영국의 FTSE 인터내셔널사가 작성, 발표하는 세계 주가지수를 말하며 ‘FT 지수’라고도 한다.
G2(Group of Two)	세계에서 경제적으로 영향력이 큰 두 국가라는 의미로서 미국과 중국을 가리키는 비공식적인 용어이다.
G20(Group of 20)	G7에 속하는 7개국, 신흥시장국 12개국 및 유럽연합을 포함한 20개국의 국제회의체이다.
G7(Group of Seven)	미국, 일본, 영국, 프랑스, 독일, 이탈리아, 캐나다 등 7개 선진국의 모임을 지칭한다.
GDP갭	한 나라의 생산요소인 노동과 자본을 모두 동원(완전고용)하여 달성할 수 있는 최대 수준의 GDP를 잠재GDP라고 한다.
GDP디플레이터	명목GDP를 실질GDP로 나누어 얻어지는 값을 GDP디플레이터라 한다.
Herstatt 리스크	외환결제과정에 내재된 리스크 중의 하나로서 외환거래 후 매도통화를 지급하였으나 거래상대방이 파산하여 매입통화를 수취하지 못하는 리스크, 즉 원금리스크를 Herstatt 리스크라고도 부른다.
IC카드	IC(Integrated Circuit)카드는 신용카드 크기의 플라스틱카드에 마이크로프로세스와 IC 메모리가 내장된 IC칩을 탑재한 카드를 말한다.
IMF 스탠드바이협약	SBA에 의한 융자기간은 일반적으로 12~24 개 월로 최대 36개월을 넘길 수 없으며 상환기간은 3년 3개월~5년이다.
IMF 쿼타	국제통화기금(IMF)에 대한 회원국의 출자금으로서 IMF 회원국의 국제수지 불균형 조정 등을 위한 신용공여 재원으로 사용될 뿐 아니라 투표권을 산출하고 IMF 신용 이용한도와 특별인출권(SDR) 배분규모를 결정하는 기준이 된다.
IMF 포지션	국제통화기금(IMF) 회원국 쿼타에서 IMF가 보유하고 있는 해당 회원국 통화를 차감한 부분을 말하며 IMF 리저브포지션(Reserve Position) 또는 리저브트란셰(Reserve Tranche)라고도 한다.
J커브효과	이론적으로 환율이 상승할 경우 수출은 늘어나고 수입은 줄어들어 경상수지가 개선된다.
KIKO	환율이 특정 구간(barrier)에 도달하는 경우 옵션이 발효(KI; Knock-In)되거나 소멸(KO; Knock-Out)되는 조건이 부과된 비정형적인 통화옵션 거래의 일종이다.
LIBOR	국제금융 중심지인 런던금융시장에서 은행 간 단기자금(보통 3개월 만기 기준) 거래 시 적용하는 금리(offer rate)를 가리킨다.
M&A	기업경영의 효율성 제고와 시너지효과 창출 등을 위해 외부경영자원을 활용하는 것으로 우리나라에서는 ‘인수합병’으로 불리고 있다.
MSCI 지수	미국의 모건스탠리 캐피털 인터내셔널(Morgan Stanley Capital International)사가 작성, 발표하는 세계 주가지수를 말한다.
N-B SRS	N-B SRS(Network-Based Systemic Risk Scoring)은 특정은행의 도산확률이 여타 은행과의 상호거래 익스포저를 통해 확대되어 나타나는 리스크 총량으로, 개별은행의 도산확 ABC PF-ABCP 률과 거래상대방과의 상호거래 규모를 곱한 값의 제곱근으로 정의한다(Das, 2015).
P2P대출	P2P대출(peer-to-peer lending)은 온라인상에서 자금공급자(투자자)와 자금수요자(차입자) 간 전통적인 금융회사의 중개 없이 자금중개가 이뤄지는 금융활동의 하나이다.
PF-ABCP	유동화를 목적으로 설립된 특수목적회사(SPC; Special Purpose Company)가 부동산 개발사업 PF(Project Financing) 대출을 기초자산으로 하여 발행한 기업어음(Asset-Backed Commercial Paper)을 말한다.
SWIFT	SWIFT(Society for Worldwide Interbank Financial Telecommunication)는 금융거래 관련 메시지를 안전하고 효율적으로 주고받기 위해 유럽 및 미주지역 은행들이 1973 년 5월 브뤼셀에 설립한 금융통신망이다.
TED 스프레드	TED 스프레드는 원래 미국 단기국채(T-Bill) 선물금리와 유로달러 선물금리 간 차이로, 영문 약어 TED는 T-bill의 ‘T’와 유로달러 선물을 의미하는 ‘ED’에서 유래하였다.
Treasury Bill(T/B)	Treasury Bill(T/B)은 미국 재무성이 발행하는 만기 4주(1개월), 13주(3개월), 26주(6 개 월), 52주(1년) 등 1년 이하의 국채로서 이자지급이 없는 할인채(zero coupon bond) 의 형태로 발행된다.
VAN사업자	통신사업자로부터 회선을 대여 받아 고도의 통신처리기능으로 부가가치를 높여 서비 스를 제공하는 통신회사를 말한다.
VaR(Value at Risk)	주어진 신뢰수준 하에서 일정 기간 동안 발생할 수 있는 ‘최대 손실금액’으로 금융기관의 잠재적인 손실을 측정하는 지표이다. 예를 들어 목표기간 1년, 신뢰수준 95%에서 산출된 VaR가 10억 원이라면 이는 1년 동안 발생할 수 있는 손실금액이 10억 원보다 작을 확률이 95%라는 것을 의미한다.
VIX	미국 주식시장의 단기 변동성에 대한 시장의 기대치를 나타내는 지수로 시카고옵션거 래소(CBOE)에서 제공되며, 정식명칭은 CBOE Volatility Index이다.
